"maxclustersize","ntips","nhybrids","Network","level","treechild","name"
3,15,1,"simulated",1,TRUE,"sim_1"
3,19,1,"simulated",1,TRUE,"sim_2"
3,39,6,"simulated",4,TRUE,"sim_3"
6,48,13,"simulated",12,FALSE,"sim_4"
5,34,6,"simulated",6,FALSE,"sim_5"
8,55,19,"simulated",19,FALSE,"sim_6"
14,102,40,"simulated",40,FALSE,"sim_7"
3,37,2,"simulated",1,TRUE,"sim_10"
4,24,4,"simulated",4,TRUE,"sim_11"
4,23,5,"simulated",5,FALSE,"sim_12"
7,83,17,"simulated",17,FALSE,"sim_14"
3,27,3,"simulated",2,TRUE,"sim_16"
6,48,9,"simulated",9,TRUE,"sim_17"
6,56,12,"simulated",12,FALSE,"sim_18"
3,28,1,"simulated",1,TRUE,"sim_19"
3,16,1,"simulated",1,TRUE,"sim_20"
5,60,8,"simulated",8,FALSE,"sim_21"
14,117,36,"simulated",35,FALSE,"sim_22"
3,24,2,"simulated",1,TRUE,"sim_23"
3,23,2,"simulated",1,TRUE,"sim_24"
5,48,8,"simulated",8,TRUE,"sim_25"
3,29,4,"simulated",2,TRUE,"sim_26"
3,21,1,"simulated",1,TRUE,"sim_28"
9,81,23,"simulated",23,FALSE,"sim_29"
3,11,2,"simulated",2,TRUE,"sim_31"
3,23,2,"simulated",2,TRUE,"sim_32"
6,68,15,"simulated",14,FALSE,"sim_33"
3,32,3,"simulated",3,TRUE,"sim_37"
3,23,3,"simulated",1,FALSE,"sim_40"
5,42,5,"simulated",5,TRUE,"sim_41"
6,68,14,"simulated",12,FALSE,"sim_43"
4,45,3,"simulated",2,FALSE,"sim_44"
3,16,1,"simulated",1,TRUE,"sim_45"
5,38,11,"simulated",11,FALSE,"sim_46"
3,28,1,"simulated",1,TRUE,"sim_48"
16,136,41,"simulated",41,FALSE,"sim_49"
4,59,7,"simulated",7,TRUE,"sim_50"
4,37,3,"simulated",3,FALSE,"sim_52"
4,58,5,"simulated",5,TRUE,"sim_55"
12,110,32,"simulated",32,FALSE,"sim_60"
4,75,8,"simulated",8,FALSE,"sim_62"
4,90,9,"simulated",8,FALSE,"sim_63"
5,81,11,"simulated",11,FALSE,"sim_64"
4,41,3,"simulated",3,TRUE,"sim_66"
3,34,2,"simulated",2,TRUE,"sim_67"
3,42,1,"simulated",1,TRUE,"sim_68"
3,31,3,"simulated",3,TRUE,"sim_71"
3,36,3,"simulated",2,TRUE,"sim_72"
4,15,2,"simulated",2,TRUE,"sim_74"
3,16,2,"simulated",1,TRUE,"sim_75"
15,143,44,"simulated",44,FALSE,"sim_76"
4,32,5,"simulated",5,TRUE,"sim_77"
3,19,2,"simulated",1,TRUE,"sim_79"
4,54,7,"simulated",7,TRUE,"sim_80"
3,30,1,"simulated",1,TRUE,"sim_81"
6,74,10,"simulated",10,FALSE,"sim_84"
3,15,1,"simulated",1,TRUE,"sim_85"
5,65,10,"simulated",10,FALSE,"sim_86"
4,65,7,"simulated",7,TRUE,"sim_88"
3,16,1,"simulated",1,TRUE,"sim_92"
3,38,3,"simulated",2,TRUE,"sim_94"
7,102,16,"simulated",16,FALSE,"sim_97"
6,100,15,"simulated",15,FALSE,"sim_98"
4,36,4,"simulated",4,TRUE,"sim_99"
3,16,1,"simulated",1,TRUE,"sim_100"
3,15,1,"simulated",1,TRUE,"sim_101"
3,38,3,"simulated",1,TRUE,"sim_102"
4,24,3,"simulated",3,FALSE,"sim_105"
3,37,2,"simulated",1,TRUE,"sim_106"
3,42,5,"simulated",2,FALSE,"sim_109"
3,23,2,"simulated",2,TRUE,"sim_111"
3,38,2,"simulated",1,TRUE,"sim_113"
3,24,3,"simulated",2,TRUE,"sim_114"
3,35,1,"simulated",1,TRUE,"sim_116"
3,50,4,"simulated",1,FALSE,"sim_118"
3,18,1,"simulated",1,TRUE,"sim_120"
4,61,4,"simulated",4,FALSE,"sim_124"
5,133,14,"simulated",11,FALSE,"sim_125"
3,39,2,"simulated",1,TRUE,"sim_126"
5,46,11,"simulated",11,FALSE,"sim_127"
3,63,4,"simulated",3,TRUE,"sim_128"
3,37,3,"simulated",1,FALSE,"sim_129"
3,51,3,"simulated",2,TRUE,"sim_130"
3,28,4,"simulated",1,TRUE,"sim_131"
3,51,2,"simulated",2,TRUE,"sim_132"
3,14,1,"simulated",1,TRUE,"sim_133"
3,33,1,"simulated",1,TRUE,"sim_134"
4,25,2,"simulated",2,TRUE,"sim_135"
5,74,9,"simulated",7,FALSE,"sim_138"
3,81,8,"simulated",2,FALSE,"sim_140"
3,28,2,"simulated",1,TRUE,"sim_141"
3,29,1,"simulated",1,TRUE,"sim_142"
3,79,2,"simulated",1,TRUE,"sim_143"
3,43,3,"simulated",2,TRUE,"sim_148"
3,29,2,"simulated",2,FALSE,"sim_151"
3,36,4,"simulated",2,TRUE,"sim_152"
3,132,6,"simulated",2,FALSE,"sim_153"
4,116,8,"simulated",5,TRUE,"sim_155"
3,28,1,"simulated",1,TRUE,"sim_158"
3,25,2,"simulated",1,TRUE,"sim_159"
3,100,4,"simulated",1,TRUE,"sim_160"
3,35,1,"simulated",1,TRUE,"sim_163"
3,30,2,"simulated",1,TRUE,"sim_164"
3,32,1,"simulated",1,TRUE,"sim_167"
3,50,3,"simulated",2,TRUE,"sim_168"
3,78,8,"simulated",6,FALSE,"sim_169"
3,35,1,"simulated",1,TRUE,"sim_171"
3,38,2,"simulated",2,FALSE,"sim_173"
3,35,1,"simulated",1,TRUE,"sim_177"
3,63,4,"simulated",2,TRUE,"sim_179"
4,44,5,"simulated",3,FALSE,"sim_182"
3,58,2,"simulated",1,TRUE,"sim_189"
3,19,1,"simulated",1,TRUE,"sim_194"
3,16,1,"simulated",1,TRUE,"sim_196"
3,20,2,"simulated",2,TRUE,"sim_197"
3,14,1,"simulated",1,TRUE,"sim_198"
4,30,3,"simulated",3,TRUE,"sim_200"
3,14,1,"simulated",1,TRUE,"sim_202"
3,27,2,"simulated",1,FALSE,"sim_211"
3,57,2,"simulated",2,TRUE,"sim_213"
3,48,3,"simulated",2,TRUE,"sim_214"
3,48,2,"simulated",2,TRUE,"sim_215"
3,59,1,"simulated",1,TRUE,"sim_222"
3,126,5,"simulated",2,TRUE,"sim_224"
4,75,3,"simulated",2,FALSE,"sim_225"
3,41,2,"simulated",1,FALSE,"sim_227"
3,18,2,"simulated",2,TRUE,"sim_229"
3,67,3,"simulated",1,TRUE,"sim_231"
3,38,1,"simulated",1,TRUE,"sim_232"
3,26,1,"simulated",1,TRUE,"sim_234"
3,26,1,"simulated",1,TRUE,"sim_235"
3,23,1,"simulated",1,TRUE,"sim_238"
3,45,2,"simulated",1,TRUE,"sim_246"
4,119,5,"simulated",3,FALSE,"sim_247"
3,60,2,"simulated",1,TRUE,"sim_249"
3,36,1,"simulated",1,TRUE,"sim_252"
3,73,1,"simulated",1,TRUE,"sim_256"
3,65,3,"simulated",1,FALSE,"sim_257"
3,17,1,"simulated",1,TRUE,"sim_261"
3,91,4,"simulated",1,TRUE,"sim_264"
3,69,3,"simulated",1,TRUE,"sim_265"
3,19,1,"simulated",1,TRUE,"sim_266"
3,97,2,"simulated",1,TRUE,"sim_270"
3,69,3,"simulated",1,TRUE,"sim_271"
3,16,3,"simulated",2,TRUE,"sim_272"
3,50,1,"simulated",1,TRUE,"sim_273"
3,79,2,"simulated",1,TRUE,"sim_274"
3,68,2,"simulated",1,TRUE,"sim_278"
3,27,2,"simulated",1,TRUE,"sim_280"
3,17,1,"simulated",1,TRUE,"sim_281"
3,6,1,"simulated",1,TRUE,"sim_287"
3,126,2,"simulated",1,TRUE,"sim_288"
3,38,1,"simulated",1,TRUE,"sim_292"
3,14,1,"simulated",1,TRUE,"sim_294"
3,56,1,"simulated",1,TRUE,"sim_296"
3,53,1,"simulated",1,TRUE,"sim_297"
3,75,1,"simulated",1,TRUE,"sim_298"
3,41,1,"simulated",1,TRUE,"sim_300"
3,58,1,"simulated",1,TRUE,"sim_302"
3,22,1,"simulated",1,TRUE,"sim_304"
3,59,2,"simulated",1,TRUE,"sim_305"
3,139,2,"simulated",1,TRUE,"sim_308"
3,11,1,"simulated",1,TRUE,"sim_309"
3,31,3,"simulated",1,TRUE,"sim_310"
3,77,1,"simulated",1,TRUE,"sim_312"
3,143,4,"simulated",1,TRUE,"sim_314"
3,14,1,"simulated",1,TRUE,"sim_318"
3,105,1,"simulated",1,TRUE,"sim_323"
3,56,1,"simulated",1,TRUE,"sim_325"
3,41,1,"simulated",1,TRUE,"sim_326"
3,119,3,"simulated",1,TRUE,"sim_331"
3,13,1,"simulated",1,TRUE,"sim_334"
3,71,2,"simulated",1,TRUE,"sim_338"
3,29,1,"simulated",1,TRUE,"sim_339"
3,39,1,"simulated",1,TRUE,"sim_340"
3,36,1,"simulated",1,TRUE,"sim_341"
3,28,1,"simulated",1,TRUE,"sim_342"
3,42,1,"simulated",1,TRUE,"sim_350"
3,52,2,"simulated",1,FALSE,"sim_362"
3,40,1,"simulated",1,TRUE,"sim_363"
3,62,1,"simulated",1,TRUE,"sim_369"
3,68,2,"simulated",1,TRUE,"sim_373"
3,58,2,"simulated",1,TRUE,"sim_375"
3,61,1,"simulated",1,TRUE,"sim_384"
3,22,1,"simulated",1,TRUE,"sim_385"
3,29,1,"simulated",1,TRUE,"sim_386"
3,72,1,"simulated",1,TRUE,"sim_391"
3,49,1,"simulated",1,TRUE,"sim_393"
3,29,2,"simulated",1,TRUE,"sim_394"
3,44,4,"simulated",1,TRUE,"sim_397"
4,24,4,"simulated",3,TRUE,"sim_398"
3,42,2,"simulated",1,FALSE,"sim_401"
3,27,1,"simulated",1,TRUE,"sim_404"
3,78,1,"simulated",1,TRUE,"sim_406"
3,57,1,"simulated",1,TRUE,"sim_408"
3,114,1,"simulated",1,TRUE,"sim_410"
4,18,3,"simulated",3,TRUE,"sim_411"
5,35,7,"simulated",7,FALSE,"sim_412"
3,14,1,"simulated",1,TRUE,"sim_413"
5,30,9,"simulated",9,FALSE,"sim_415"
3,15,1,"simulated",1,TRUE,"sim_416"
6,27,12,"simulated",12,FALSE,"sim_417"
4,30,6,"simulated",6,FALSE,"sim_419"
3,34,1,"simulated",1,TRUE,"sim_423"
3,16,1,"simulated",1,TRUE,"sim_426"
3,27,2,"simulated",2,TRUE,"sim_427"
3,18,1,"simulated",1,TRUE,"sim_429"
3,25,3,"simulated",3,TRUE,"sim_431"
3,28,2,"simulated",1,TRUE,"sim_432"
3,13,2,"simulated",2,TRUE,"sim_434"
6,27,9,"simulated",9,FALSE,"sim_435"
4,28,4,"simulated",3,TRUE,"sim_436"
3,16,4,"simulated",3,TRUE,"sim_437"
6,34,11,"simulated",11,FALSE,"sim_438"
3,7,1,"simulated",1,TRUE,"sim_439"
3,28,1,"simulated",1,TRUE,"sim_441"
4,23,5,"simulated",5,FALSE,"sim_442"
5,43,13,"simulated",12,FALSE,"sim_444"
12,61,31,"simulated",31,FALSE,"sim_447"
4,44,9,"simulated",7,FALSE,"sim_448"
4,24,5,"simulated",5,FALSE,"sim_449"
4,21,4,"simulated",4,TRUE,"sim_450"
3,10,1,"simulated",1,TRUE,"sim_451"
4,18,5,"simulated",5,FALSE,"sim_453"
14,61,37,"simulated",37,FALSE,"sim_454"
3,9,1,"simulated",1,TRUE,"sim_455"
7,36,14,"simulated",14,FALSE,"sim_457"
5,36,7,"simulated",7,FALSE,"sim_459"
6,47,8,"simulated",8,FALSE,"sim_460"
4,16,2,"simulated",2,TRUE,"sim_463"
7,49,17,"simulated",17,FALSE,"sim_464"
5,25,5,"simulated",5,FALSE,"sim_465"
5,29,6,"simulated",6,FALSE,"sim_468"
3,29,1,"simulated",1,TRUE,"sim_469"
5,30,6,"simulated",6,FALSE,"sim_470"
5,28,8,"simulated",8,FALSE,"sim_473"
4,32,5,"simulated",4,TRUE,"sim_474"
5,34,8,"simulated",8,FALSE,"sim_475"
4,18,4,"simulated",4,FALSE,"sim_476"
5,31,12,"simulated",10,FALSE,"sim_477"
11,77,30,"simulated",28,FALSE,"sim_479"
4,28,5,"simulated",5,FALSE,"sim_483"
6,45,10,"simulated",9,FALSE,"sim_484"
3,10,1,"simulated",1,TRUE,"sim_485"
11,76,38,"simulated",38,FALSE,"sim_486"
5,29,10,"simulated",10,FALSE,"sim_487"
3,23,2,"simulated",1,TRUE,"sim_488"
4,27,4,"simulated",4,TRUE,"sim_489"
4,17,2,"simulated",2,TRUE,"sim_490"
3,12,1,"simulated",1,TRUE,"sim_491"
5,25,7,"simulated",7,FALSE,"sim_492"
3,22,2,"simulated",1,FALSE,"sim_493"
4,28,10,"simulated",10,FALSE,"sim_497"
3,22,2,"simulated",1,TRUE,"sim_498"
3,15,2,"simulated",2,TRUE,"sim_499"
6,37,9,"simulated",9,FALSE,"sim_500"
11,62,30,"simulated",30,FALSE,"sim_501"
3,14,2,"simulated",2,TRUE,"sim_502"
4,25,5,"simulated",5,TRUE,"sim_504"
3,15,1,"simulated",1,TRUE,"sim_505"
4,12,3,"simulated",2,FALSE,"sim_508"
3,18,2,"simulated",1,TRUE,"sim_509"
3,21,1,"simulated",1,TRUE,"sim_510"
4,20,4,"simulated",4,FALSE,"sim_511"
5,43,9,"simulated",9,FALSE,"sim_513"
4,14,3,"simulated",3,FALSE,"sim_514"
4,26,7,"simulated",7,FALSE,"sim_515"
3,26,3,"simulated",3,TRUE,"sim_517"
3,28,4,"simulated",2,FALSE,"sim_519"
3,30,4,"simulated",3,TRUE,"sim_520"
3,21,2,"simulated",1,TRUE,"sim_521"
3,20,1,"simulated",1,TRUE,"sim_522"
3,17,2,"simulated",1,TRUE,"sim_523"
10,67,26,"simulated",26,FALSE,"sim_524"
13,92,35,"simulated",34,FALSE,"sim_525"
4,28,5,"simulated",5,TRUE,"sim_526"
3,17,1,"simulated",1,TRUE,"sim_527"
3,4,1,"simulated",1,TRUE,"sim_528"
3,21,1,"simulated",1,TRUE,"sim_529"
10,69,31,"simulated",31,FALSE,"sim_530"
3,24,1,"simulated",1,TRUE,"sim_531"
3,13,1,"simulated",1,TRUE,"sim_532"
3,15,1,"simulated",1,TRUE,"sim_533"
7,53,17,"simulated",17,FALSE,"sim_534"
3,20,1,"simulated",1,TRUE,"sim_535"
3,23,1,"simulated",1,TRUE,"sim_536"
6,45,13,"simulated",13,FALSE,"sim_537"
4,20,2,"simulated",2,FALSE,"sim_538"
3,17,1,"simulated",1,TRUE,"sim_540"
6,48,10,"simulated",10,FALSE,"sim_541"
3,12,1,"simulated",1,TRUE,"sim_542"
4,39,3,"simulated",3,TRUE,"sim_545"
3,17,1,"simulated",1,TRUE,"sim_546"
3,16,3,"simulated",3,FALSE,"sim_547"
6,51,19,"simulated",19,FALSE,"sim_548"
3,16,3,"simulated",3,FALSE,"sim_550"
3,9,1,"simulated",1,TRUE,"sim_551"
5,35,8,"simulated",8,FALSE,"sim_553"
7,53,16,"simulated",16,FALSE,"sim_554"
5,35,9,"simulated",9,FALSE,"sim_559"
8,57,21,"simulated",21,FALSE,"sim_560"
4,25,4,"simulated",3,FALSE,"sim_561"
3,15,1,"simulated",1,TRUE,"sim_562"
4,31,4,"simulated",2,TRUE,"sim_563"
10,71,23,"simulated",23,FALSE,"sim_565"
3,6,1,"simulated",1,TRUE,"sim_566"
3,25,1,"simulated",1,TRUE,"sim_567"
6,31,15,"simulated",15,FALSE,"sim_568"
3,13,1,"simulated",1,TRUE,"sim_572"
5,37,8,"simulated",8,FALSE,"sim_573"
6,43,14,"simulated",14,FALSE,"sim_574"
5,41,6,"simulated",5,TRUE,"sim_576"
3,14,2,"simulated",2,TRUE,"sim_577"
3,2,1,"simulated",1,TRUE,"sim_578"
3,16,1,"simulated",1,TRUE,"sim_579"
4,27,3,"simulated",3,TRUE,"sim_580"
3,25,1,"simulated",1,TRUE,"sim_581"
3,8,1,"simulated",1,TRUE,"sim_584"
3,29,2,"simulated",1,TRUE,"sim_586"
4,25,7,"simulated",7,FALSE,"sim_589"
3,7,1,"simulated",1,TRUE,"sim_590"
3,11,1,"simulated",1,TRUE,"sim_591"
3,22,2,"simulated",2,TRUE,"sim_593"
4,55,9,"simulated",9,TRUE,"sim_595"
3,20,1,"simulated",1,TRUE,"sim_599"
4,26,4,"simulated",3,TRUE,"sim_600"
3,20,2,"simulated",1,FALSE,"sim_601"
4,25,3,"simulated",3,FALSE,"sim_603"
3,16,1,"simulated",1,TRUE,"sim_605"
5,38,11,"simulated",11,FALSE,"sim_606"
4,31,4,"simulated",4,TRUE,"sim_609"
3,24,2,"simulated",1,TRUE,"sim_611"
4,35,5,"simulated",5,FALSE,"sim_612"
3,31,1,"simulated",1,TRUE,"sim_613"
3,35,2,"simulated",2,TRUE,"sim_614"
4,33,5,"simulated",5,FALSE,"sim_615"
3,27,1,"simulated",1,TRUE,"sim_616"
6,68,15,"simulated",15,FALSE,"sim_618"
3,31,2,"simulated",1,TRUE,"sim_620"
3,23,2,"simulated",2,TRUE,"sim_621"
5,49,9,"simulated",8,FALSE,"sim_622"
5,36,8,"simulated",8,FALSE,"sim_623"
4,43,5,"simulated",5,FALSE,"sim_624"
5,38,11,"simulated",11,FALSE,"sim_625"
5,54,12,"simulated",12,FALSE,"sim_626"
3,31,3,"simulated",3,TRUE,"sim_627"
5,56,10,"simulated",10,FALSE,"sim_628"
4,24,3,"simulated",3,FALSE,"sim_629"
4,37,6,"simulated",4,TRUE,"sim_630"
4,36,6,"simulated",5,FALSE,"sim_632"
3,28,3,"simulated",2,TRUE,"sim_634"
3,10,1,"simulated",1,TRUE,"sim_635"
4,41,6,"simulated",6,TRUE,"sim_636"
3,33,2,"simulated",2,TRUE,"sim_637"
6,27,8,"simulated",8,FALSE,"sim_638"
9,55,23,"simulated",23,FALSE,"sim_640"
4,10,3,"simulated",3,FALSE,"sim_641"
7,58,18,"simulated",18,FALSE,"sim_643"
3,13,1,"simulated",1,TRUE,"sim_646"
3,25,4,"simulated",2,FALSE,"sim_647"
3,36,3,"simulated",2,TRUE,"sim_648"
4,17,3,"simulated",3,TRUE,"sim_649"
6,48,13,"simulated",13,FALSE,"sim_650"
14,80,35,"simulated",35,FALSE,"sim_652"
3,13,1,"simulated",1,TRUE,"sim_653"
9,65,18,"simulated",18,FALSE,"sim_654"
4,18,2,"simulated",2,FALSE,"sim_655"
5,44,7,"simulated",7,FALSE,"sim_656"
3,13,1,"simulated",1,TRUE,"sim_657"
13,89,33,"simulated",33,FALSE,"sim_658"
31,141,85,"simulated",85,FALSE,"sim_659"
3,21,3,"simulated",2,TRUE,"sim_660"
4,20,3,"simulated",2,TRUE,"sim_666"
3,42,1,"simulated",1,TRUE,"sim_667"
4,44,7,"simulated",7,TRUE,"sim_668"
3,33,1,"simulated",1,TRUE,"sim_669"
3,24,1,"simulated",1,TRUE,"sim_670"
4,29,8,"simulated",8,FALSE,"sim_672"
7,97,17,"simulated",17,FALSE,"sim_673"
5,60,10,"simulated",9,FALSE,"sim_674"
5,30,8,"simulated",8,FALSE,"sim_676"
4,39,5,"simulated",5,FALSE,"sim_677"
6,67,13,"simulated",13,FALSE,"sim_678"
3,16,3,"simulated",2,TRUE,"sim_679"
3,24,1,"simulated",1,TRUE,"sim_681"
3,26,1,"simulated",1,TRUE,"sim_682"
4,47,6,"simulated",6,FALSE,"sim_684"
5,24,7,"simulated",7,FALSE,"sim_685"
5,32,7,"simulated",7,FALSE,"sim_687"
3,32,3,"simulated",3,TRUE,"sim_688"
3,17,1,"simulated",1,TRUE,"sim_690"
3,13,1,"simulated",1,TRUE,"sim_691"
4,24,3,"simulated",3,TRUE,"sim_692"
6,50,16,"simulated",16,FALSE,"sim_693"
3,29,2,"simulated",2,TRUE,"sim_694"
3,14,2,"simulated",1,TRUE,"sim_695"
4,21,3,"simulated",3,FALSE,"sim_698"
3,27,1,"simulated",1,TRUE,"sim_699"
3,26,1,"simulated",1,TRUE,"sim_700"
3,19,1,"simulated",1,TRUE,"sim_701"
3,16,2,"simulated",2,TRUE,"sim_702"
5,38,8,"simulated",7,FALSE,"sim_703"
6,50,15,"simulated",15,FALSE,"sim_704"
4,23,2,"simulated",2,FALSE,"sim_708"
3,27,2,"simulated",1,FALSE,"sim_710"
4,28,5,"simulated",5,FALSE,"sim_711"
7,49,14,"simulated",14,FALSE,"sim_712"
6,75,19,"simulated",19,FALSE,"sim_715"
4,42,6,"simulated",6,TRUE,"sim_716"
3,26,2,"simulated",1,TRUE,"sim_717"
4,33,3,"simulated",3,TRUE,"sim_718"
12,90,33,"simulated",32,FALSE,"sim_719"
11,72,29,"simulated",29,FALSE,"sim_720"
3,28,2,"simulated",1,TRUE,"sim_721"
4,50,7,"simulated",5,FALSE,"sim_722"
6,30,11,"simulated",10,FALSE,"sim_724"
3,23,3,"simulated",1,TRUE,"sim_726"
4,41,7,"simulated",7,FALSE,"sim_728"
3,21,2,"simulated",2,TRUE,"sim_729"
3,35,2,"simulated",2,TRUE,"sim_731"
4,19,4,"simulated",4,FALSE,"sim_732"
3,29,1,"simulated",1,TRUE,"sim_734"
3,20,1,"simulated",1,TRUE,"sim_735"
3,20,1,"simulated",1,TRUE,"sim_736"
6,41,9,"simulated",8,FALSE,"sim_738"
4,35,3,"simulated",3,FALSE,"sim_740"
8,71,17,"simulated",17,FALSE,"sim_741"
3,19,1,"simulated",1,TRUE,"sim_742"
3,26,2,"simulated",2,TRUE,"sim_745"
3,23,3,"simulated",3,TRUE,"sim_746"
3,9,1,"simulated",1,TRUE,"sim_747"
4,19,3,"simulated",3,TRUE,"sim_748"
4,11,2,"simulated",2,FALSE,"sim_749"
3,20,2,"simulated",1,TRUE,"sim_750"
3,33,4,"simulated",3,FALSE,"sim_751"
5,23,5,"simulated",5,FALSE,"sim_752"
4,36,5,"simulated",4,FALSE,"sim_753"
3,15,3,"simulated",1,TRUE,"sim_754"
5,43,10,"simulated",9,FALSE,"sim_756"
4,27,5,"simulated",5,TRUE,"sim_757"
4,18,3,"simulated",3,FALSE,"sim_758"
7,59,15,"simulated",14,FALSE,"sim_759"
5,39,10,"simulated",10,FALSE,"sim_760"
5,41,7,"simulated",6,FALSE,"sim_761"
4,38,4,"simulated",4,FALSE,"sim_762"
3,20,4,"simulated",3,TRUE,"sim_763"
12,75,26,"simulated",26,FALSE,"sim_766"
4,34,2,"simulated",2,FALSE,"sim_768"
11,90,37,"simulated",37,FALSE,"sim_769"
3,26,1,"simulated",1,TRUE,"sim_770"
3,13,2,"simulated",1,TRUE,"sim_772"
4,26,5,"simulated",5,FALSE,"sim_774"
3,13,1,"simulated",1,TRUE,"sim_776"
3,26,4,"simulated",3,TRUE,"sim_777"
4,44,4,"simulated",4,TRUE,"sim_778"
7,68,14,"simulated",14,FALSE,"sim_780"
3,45,4,"simulated",3,TRUE,"sim_782"
4,36,8,"simulated",7,FALSE,"sim_783"
3,26,3,"simulated",2,TRUE,"sim_784"
3,28,1,"simulated",1,TRUE,"sim_785"
3,16,1,"simulated",1,TRUE,"sim_787"
3,26,2,"simulated",1,TRUE,"sim_788"
3,21,1,"simulated",1,TRUE,"sim_790"
4,37,6,"simulated",6,TRUE,"sim_791"
3,9,1,"simulated",1,TRUE,"sim_793"
4,61,8,"simulated",8,FALSE,"sim_795"
3,29,3,"simulated",2,TRUE,"sim_796"
3,35,1,"simulated",1,TRUE,"sim_801"
4,57,11,"simulated",10,FALSE,"sim_803"
4,34,5,"simulated",5,FALSE,"sim_804"
3,26,1,"simulated",1,TRUE,"sim_805"
30,137,96,"simulated",96,FALSE,"sim_806"
24,129,71,"simulated",71,FALSE,"sim_808"
4,28,2,"simulated",2,TRUE,"sim_809"
17,110,43,"simulated",42,FALSE,"sim_810"
8,84,18,"simulated",18,FALSE,"sim_811"
26,118,71,"simulated",71,FALSE,"sim_812"
4,44,4,"simulated",4,TRUE,"sim_813"
3,22,1,"simulated",1,TRUE,"sim_814"
6,55,12,"simulated",12,FALSE,"sim_815"
4,26,6,"simulated",5,FALSE,"sim_816"
4,43,7,"simulated",7,FALSE,"sim_817"
3,11,1,"simulated",1,TRUE,"sim_818"
15,78,35,"simulated",35,FALSE,"sim_819"
3,35,1,"simulated",1,TRUE,"sim_820"
7,49,14,"simulated",14,FALSE,"sim_821"
15,103,42,"simulated",42,FALSE,"sim_823"
3,18,1,"simulated",1,TRUE,"sim_824"
15,94,43,"simulated",42,FALSE,"sim_825"
3,8,1,"simulated",1,TRUE,"sim_827"
3,16,1,"simulated",1,TRUE,"sim_830"
13,87,34,"simulated",34,FALSE,"sim_831"
3,36,1,"simulated",1,TRUE,"sim_832"
4,45,5,"simulated",5,FALSE,"sim_833"
5,34,7,"simulated",7,FALSE,"sim_834"
3,35,4,"simulated",4,TRUE,"sim_835"
4,20,4,"simulated",4,TRUE,"sim_837"
8,42,18,"simulated",18,FALSE,"sim_838"
3,9,1,"simulated",1,TRUE,"sim_840"
3,18,3,"simulated",2,FALSE,"sim_844"
3,27,1,"simulated",1,TRUE,"sim_845"
7,68,17,"simulated",17,FALSE,"sim_846"
7,72,12,"simulated",12,FALSE,"sim_847"
3,31,1,"simulated",1,TRUE,"sim_850"
3,19,3,"simulated",2,TRUE,"sim_851"
3,33,1,"simulated",1,TRUE,"sim_852"
4,48,10,"simulated",10,FALSE,"sim_853"
3,5,1,"simulated",1,TRUE,"sim_855"
5,59,8,"simulated",7,FALSE,"sim_858"
4,55,10,"simulated",10,FALSE,"sim_859"
17,96,41,"simulated",41,FALSE,"sim_861"
4,32,5,"simulated",5,FALSE,"sim_862"
3,38,2,"simulated",2,TRUE,"sim_863"
3,28,2,"simulated",1,TRUE,"sim_864"
3,19,1,"simulated",1,TRUE,"sim_866"
3,18,1,"simulated",1,TRUE,"sim_867"
3,26,2,"simulated",1,TRUE,"sim_869"
3,15,2,"simulated",1,TRUE,"sim_870"
4,29,3,"simulated",3,FALSE,"sim_871"
3,20,2,"simulated",1,TRUE,"sim_872"
4,33,7,"simulated",7,FALSE,"sim_873"
5,64,8,"simulated",8,TRUE,"sim_874"
5,65,11,"simulated",11,FALSE,"sim_875"
4,43,7,"simulated",7,FALSE,"sim_876"
6,39,15,"simulated",14,FALSE,"sim_877"
4,29,4,"simulated",4,TRUE,"sim_878"
4,30,5,"simulated",5,FALSE,"sim_879"
3,14,2,"simulated",2,TRUE,"sim_880"
12,73,31,"simulated",31,FALSE,"sim_881"
4,15,4,"simulated",4,FALSE,"sim_882"
3,8,2,"simulated",1,TRUE,"sim_883"
3,30,4,"simulated",2,FALSE,"sim_884"
5,25,6,"simulated",6,TRUE,"sim_885"
3,37,3,"simulated",2,TRUE,"sim_886"
3,18,1,"simulated",1,TRUE,"sim_887"
4,34,3,"simulated",3,FALSE,"sim_888"
4,34,3,"simulated",3,TRUE,"sim_889"
5,47,8,"simulated",8,FALSE,"sim_890"
3,14,2,"simulated",1,TRUE,"sim_891"
3,17,1,"simulated",1,TRUE,"sim_892"
3,38,2,"simulated",2,TRUE,"sim_893"
4,33,5,"simulated",5,TRUE,"sim_897"
4,36,5,"simulated",5,FALSE,"sim_898"
4,34,6,"simulated",5,TRUE,"sim_899"
3,15,1,"simulated",1,TRUE,"sim_901"
3,24,1,"simulated",1,TRUE,"sim_902"
4,50,6,"simulated",6,FALSE,"sim_903"
3,14,1,"simulated",1,TRUE,"sim_905"
13,89,29,"simulated",29,FALSE,"sim_906"
5,44,8,"simulated",8,TRUE,"sim_908"
5,52,9,"simulated",9,FALSE,"sim_909"
4,24,5,"simulated",5,FALSE,"sim_910"
3,42,3,"simulated",3,TRUE,"sim_911"
4,27,3,"simulated",3,TRUE,"sim_912"
3,16,1,"simulated",1,TRUE,"sim_913"
4,18,4,"simulated",3,TRUE,"sim_914"
3,17,1,"simulated",1,TRUE,"sim_915"
3,14,2,"simulated",1,TRUE,"sim_916"
3,14,1,"simulated",1,TRUE,"sim_917"
6,76,13,"simulated",13,FALSE,"sim_918"
4,31,4,"simulated",4,FALSE,"sim_919"
4,32,4,"simulated",3,TRUE,"sim_920"
4,24,7,"simulated",7,FALSE,"sim_921"
4,23,4,"simulated",4,FALSE,"sim_922"
12,103,33,"simulated",33,FALSE,"sim_924"
3,37,3,"simulated",3,TRUE,"sim_925"
3,35,2,"simulated",1,TRUE,"sim_928"
3,9,1,"simulated",1,TRUE,"sim_930"
3,42,3,"simulated",1,FALSE,"sim_931"
3,15,1,"simulated",1,TRUE,"sim_934"
3,22,1,"simulated",1,TRUE,"sim_935"
3,34,1,"simulated",1,TRUE,"sim_936"
3,31,3,"simulated",1,TRUE,"sim_937"
4,66,6,"simulated",6,TRUE,"sim_938"
15,116,43,"simulated",43,FALSE,"sim_939"
3,34,4,"simulated",2,FALSE,"sim_940"
3,25,1,"simulated",1,TRUE,"sim_942"
3,25,2,"simulated",2,TRUE,"sim_943"
3,13,2,"simulated",2,FALSE,"sim_944"
4,25,3,"simulated",3,TRUE,"sim_945"
3,9,1,"simulated",1,TRUE,"sim_946"
5,48,7,"simulated",6,TRUE,"sim_947"
4,32,5,"simulated",5,FALSE,"sim_948"
3,18,2,"simulated",2,TRUE,"sim_949"
3,14,2,"simulated",2,TRUE,"sim_950"
3,19,1,"simulated",1,TRUE,"sim_951"
7,61,17,"simulated",17,FALSE,"sim_952"
4,49,4,"simulated",4,TRUE,"sim_953"
3,16,1,"simulated",1,TRUE,"sim_956"
3,33,1,"simulated",1,TRUE,"sim_957"
3,21,1,"simulated",1,TRUE,"sim_958"
3,21,1,"simulated",1,TRUE,"sim_959"
6,55,10,"simulated",10,FALSE,"sim_960"
4,30,5,"simulated",5,FALSE,"sim_961"
4,41,4,"simulated",4,TRUE,"sim_964"
3,32,3,"simulated",3,TRUE,"sim_965"
9,79,19,"simulated",19,FALSE,"sim_967"
4,46,9,"simulated",8,FALSE,"sim_968"
4,40,5,"simulated",5,FALSE,"sim_970"
3,6,1,"simulated",1,TRUE,"sim_971"
6,51,12,"simulated",12,FALSE,"sim_972"
6,57,9,"simulated",9,FALSE,"sim_973"
3,30,2,"simulated",2,TRUE,"sim_974"
3,14,2,"simulated",1,FALSE,"sim_975"
3,15,1,"simulated",1,TRUE,"sim_976"
4,36,4,"simulated",4,FALSE,"sim_978"
4,25,2,"simulated",2,TRUE,"sim_979"
3,22,2,"simulated",2,TRUE,"sim_980"
5,36,6,"simulated",5,FALSE,"sim_983"
3,19,1,"simulated",1,TRUE,"sim_984"
5,45,7,"simulated",7,FALSE,"sim_985"
3,32,2,"simulated",2,TRUE,"sim_988"
3,24,3,"simulated",2,TRUE,"sim_989"
5,50,9,"simulated",9,TRUE,"sim_990"
3,36,5,"simulated",3,TRUE,"sim_991"
3,15,3,"simulated",2,TRUE,"sim_992"
3,40,4,"simulated",2,TRUE,"sim_993"
4,44,7,"simulated",6,TRUE,"sim_994"
3,22,2,"simulated",1,TRUE,"sim_995"
5,38,6,"simulated",6,FALSE,"sim_998"
4,48,5,"simulated",5,TRUE,"sim_999"
6,71,18,"simulated",18,FALSE,"sim_1000"
3,22,1,"simulated",1,TRUE,"sim_1001"
3,36,2,"simulated",2,TRUE,"sim_1002"
4,36,8,"simulated",7,FALSE,"sim_1003"
3,23,2,"simulated",2,FALSE,"sim_1004"
5,47,7,"simulated",6,TRUE,"sim_1005"
6,63,12,"simulated",12,FALSE,"sim_1008"
5,49,7,"simulated",7,FALSE,"sim_1009"
7,65,20,"simulated",20,FALSE,"sim_1010"
5,52,11,"simulated",11,FALSE,"sim_1011"
4,41,5,"simulated",4,TRUE,"sim_1012"
3,19,3,"simulated",3,FALSE,"sim_1014"
17,103,41,"simulated",41,FALSE,"sim_1015"
3,26,1,"simulated",1,TRUE,"sim_1016"
4,44,8,"simulated",8,FALSE,"sim_1019"
4,57,5,"simulated",5,TRUE,"sim_1020"
3,28,2,"simulated",1,TRUE,"sim_1022"
4,51,7,"simulated",7,FALSE,"sim_1023"
3,27,2,"simulated",2,TRUE,"sim_1024"
12,95,33,"simulated",33,FALSE,"sim_1025"
72,284,215,"simulated",215,FALSE,"sim_1026"
5,56,9,"simulated",9,FALSE,"sim_1027"
33,165,93,"simulated",93,FALSE,"sim_1028"
3,25,2,"simulated",2,TRUE,"sim_1030"
4,56,4,"simulated",3,TRUE,"sim_1031"
3,29,2,"simulated",1,TRUE,"sim_1032"
3,25,2,"simulated",1,TRUE,"sim_1033"
11,84,26,"simulated",26,FALSE,"sim_1034"
4,40,6,"simulated",6,TRUE,"sim_1035"
6,64,14,"simulated",14,FALSE,"sim_1036"
4,28,4,"simulated",4,FALSE,"sim_1038"
4,49,5,"simulated",5,TRUE,"sim_1040"
10,89,22,"simulated",21,FALSE,"sim_1041"
3,33,2,"simulated",2,TRUE,"sim_1042"
8,83,18,"simulated",18,TRUE,"sim_1043"
3,42,3,"simulated",3,TRUE,"sim_1044"
3,20,1,"simulated",1,TRUE,"sim_1045"
6,56,12,"simulated",12,FALSE,"sim_1046"
4,37,4,"simulated",4,FALSE,"sim_1047"
5,64,11,"simulated",10,FALSE,"sim_1048"
4,28,3,"simulated",3,TRUE,"sim_1049"
4,41,4,"simulated",4,TRUE,"sim_1050"
4,49,5,"simulated",5,FALSE,"sim_1051"
3,36,1,"simulated",1,TRUE,"sim_1052"
3,30,2,"simulated",2,TRUE,"sim_1053"
5,48,10,"simulated",10,FALSE,"sim_1054"
4,29,6,"simulated",6,FALSE,"sim_1055"
3,36,2,"simulated",2,FALSE,"sim_1056"
4,31,4,"simulated",4,FALSE,"sim_1057"
3,40,3,"simulated",1,TRUE,"sim_1058"
4,32,3,"simulated",3,TRUE,"sim_1059"
3,35,2,"simulated",1,TRUE,"sim_1060"
4,45,8,"simulated",8,FALSE,"sim_1061"
3,14,2,"simulated",1,TRUE,"sim_1063"
22,138,58,"simulated",58,FALSE,"sim_1064"
4,43,3,"simulated",3,TRUE,"sim_1066"
7,52,18,"simulated",17,FALSE,"sim_1067"
15,123,47,"simulated",47,FALSE,"sim_1068"
3,19,1,"simulated",1,TRUE,"sim_1070"
4,36,3,"simulated",2,TRUE,"sim_1071"
5,56,9,"simulated",9,TRUE,"sim_1072"
3,16,1,"simulated",1,TRUE,"sim_1075"
3,14,1,"simulated",1,TRUE,"sim_1076"
8,60,19,"simulated",19,FALSE,"sim_1077"
42,185,128,"simulated",128,FALSE,"sim_1079"
3,19,1,"simulated",1,TRUE,"sim_1081"
3,21,1,"simulated",1,TRUE,"sim_1082"
3,25,2,"simulated",2,FALSE,"sim_1083"
3,35,2,"simulated",1,TRUE,"sim_1085"
5,46,8,"simulated",8,TRUE,"sim_1086"
3,28,1,"simulated",1,TRUE,"sim_1087"
3,6,1,"simulated",1,TRUE,"sim_1088"
4,51,8,"simulated",8,FALSE,"sim_1089"
5,40,8,"simulated",8,FALSE,"sim_1090"
3,34,2,"simulated",2,TRUE,"sim_1091"
3,34,1,"simulated",1,TRUE,"sim_1092"
3,17,2,"simulated",2,TRUE,"sim_1093"
11,94,25,"simulated",25,FALSE,"sim_1094"
4,56,7,"simulated",7,FALSE,"sim_1095"
3,5,1,"simulated",1,TRUE,"sim_1097"
3,16,2,"simulated",1,TRUE,"sim_1098"
5,42,9,"simulated",8,FALSE,"sim_1099"
11,105,30,"simulated",30,FALSE,"sim_1100"
4,27,5,"simulated",5,FALSE,"sim_1101"
8,79,19,"simulated",19,FALSE,"sim_1103"
5,41,8,"simulated",8,FALSE,"sim_1105"
5,49,10,"simulated",10,FALSE,"sim_1106"
3,17,1,"simulated",1,TRUE,"sim_1108"
5,63,10,"simulated",10,FALSE,"sim_1110"
3,24,2,"simulated",2,FALSE,"sim_1111"
3,14,1,"simulated",1,TRUE,"sim_1112"
5,35,5,"simulated",5,TRUE,"sim_1113"
4,34,3,"simulated",3,TRUE,"sim_1114"
5,39,6,"simulated",6,FALSE,"sim_1115"
3,17,1,"simulated",1,TRUE,"sim_1116"
19,124,52,"simulated",52,FALSE,"sim_1117"
3,14,2,"simulated",2,TRUE,"sim_1119"
3,15,2,"simulated",1,TRUE,"sim_1121"
11,87,26,"simulated",26,FALSE,"sim_1122"
6,53,12,"simulated",12,FALSE,"sim_1124"
12,94,31,"simulated",31,FALSE,"sim_1125"
3,26,1,"simulated",1,TRUE,"sim_1126"
3,27,2,"simulated",2,TRUE,"sim_1130"
7,77,19,"simulated",17,FALSE,"sim_1133"
3,27,2,"simulated",2,TRUE,"sim_1135"
30,179,85,"simulated",85,FALSE,"sim_1136"
3,22,2,"simulated",2,TRUE,"sim_1137"
3,33,2,"simulated",2,TRUE,"sim_1138"
4,26,6,"simulated",4,FALSE,"sim_1141"
16,113,40,"simulated",39,FALSE,"sim_1142"
3,21,1,"simulated",1,TRUE,"sim_1143"
4,53,5,"simulated",5,TRUE,"sim_1144"
16,117,47,"simulated",47,FALSE,"sim_1145"
3,29,3,"simulated",2,TRUE,"sim_1146"
4,39,3,"simulated",3,TRUE,"sim_1148"
3,28,2,"simulated",2,TRUE,"sim_1150"
10,73,27,"simulated",27,FALSE,"sim_1152"
5,50,8,"simulated",8,TRUE,"sim_1154"
7,61,10,"simulated",10,FALSE,"sim_1155"
3,21,1,"simulated",1,TRUE,"sim_1156"
5,54,11,"simulated",11,FALSE,"sim_1157"
3,12,1,"simulated",1,TRUE,"sim_1158"
3,23,1,"simulated",1,TRUE,"sim_1159"
4,46,4,"simulated",4,TRUE,"sim_1161"
3,17,1,"simulated",1,TRUE,"sim_1162"
3,15,4,"simulated",2,FALSE,"sim_1163"
4,55,8,"simulated",8,FALSE,"sim_1164"
4,27,4,"simulated",4,FALSE,"sim_1165"
3,22,1,"simulated",1,TRUE,"sim_1169"
3,20,1,"simulated",1,TRUE,"sim_1170"
4,35,8,"simulated",8,TRUE,"sim_1171"
3,15,2,"simulated",2,FALSE,"sim_1172"
3,21,2,"simulated",2,FALSE,"sim_1173"
3,38,3,"simulated",2,TRUE,"sim_1174"
3,31,3,"simulated",1,TRUE,"sim_1176"
4,25,4,"simulated",4,TRUE,"sim_1177"
3,32,3,"simulated",2,TRUE,"sim_1179"
7,59,12,"simulated",12,FALSE,"sim_1180"
36,189,95,"simulated",95,FALSE,"sim_1181"
7,61,15,"simulated",15,FALSE,"sim_1182"
3,36,2,"simulated",2,TRUE,"sim_1183"
14,96,35,"simulated",35,FALSE,"sim_1184"
7,75,17,"simulated",17,FALSE,"sim_1185"
3,13,1,"simulated",1,TRUE,"sim_1187"
4,31,6,"simulated",6,FALSE,"sim_1188"
3,16,1,"simulated",1,TRUE,"sim_1190"
5,41,5,"simulated",5,TRUE,"sim_1191"
4,16,2,"simulated",2,TRUE,"sim_1192"
5,97,16,"simulated",16,FALSE,"sim_1193"
27,158,68,"simulated",68,FALSE,"sim_1194"
6,64,10,"simulated",10,FALSE,"sim_1195"
9,78,22,"simulated",21,FALSE,"sim_1196"
10,95,27,"simulated",27,FALSE,"sim_1197"
5,54,11,"simulated",11,FALSE,"sim_1198"
5,43,9,"simulated",8,FALSE,"sim_1199"
3,9,2,"simulated",2,TRUE,"sim_1200"
15,120,35,"simulated",35,FALSE,"sim_1201"
4,48,3,"simulated",3,FALSE,"sim_1202"
3,26,1,"simulated",1,TRUE,"sim_1204"
22,130,59,"simulated",59,FALSE,"sim_1206"
3,24,2,"simulated",2,TRUE,"sim_1207"
3,32,2,"simulated",2,TRUE,"sim_1208"
11,124,40,"simulated",40,FALSE,"sim_1209"
6,77,12,"simulated",12,TRUE,"sim_1210"
3,22,1,"simulated",1,TRUE,"sim_1212"
4,10,2,"simulated",2,FALSE,"sim_1214"
6,42,9,"simulated",9,FALSE,"sim_1215"
15,120,36,"simulated",36,FALSE,"sim_1218"
6,66,13,"simulated",13,TRUE,"sim_1220"
5,52,12,"simulated",11,FALSE,"sim_1221"
3,14,2,"simulated",1,FALSE,"sim_1222"
6,58,14,"simulated",14,FALSE,"sim_1223"
7,72,16,"simulated",16,FALSE,"sim_1224"
5,43,12,"simulated",12,FALSE,"sim_1225"
93,333,233,"simulated",233,FALSE,"sim_1226"
3,31,2,"simulated",2,TRUE,"sim_1228"
4,30,5,"simulated",4,TRUE,"sim_1229"
5,43,5,"simulated",5,FALSE,"sim_1230"
3,28,4,"simulated",4,TRUE,"sim_1231"
3,31,3,"simulated",1,TRUE,"sim_1232"
13,88,34,"simulated",34,FALSE,"sim_1233"
16,122,46,"simulated",46,FALSE,"sim_1236"
3,30,3,"simulated",2,TRUE,"sim_1237"
3,17,1,"simulated",1,TRUE,"sim_1238"
3,21,1,"simulated",1,TRUE,"sim_1239"
5,51,7,"simulated",7,TRUE,"sim_1240"
6,63,12,"simulated",12,FALSE,"sim_1241"
3,21,1,"simulated",1,TRUE,"sim_1244"
3,18,2,"simulated",1,TRUE,"sim_1245"
33,184,86,"simulated",86,FALSE,"sim_1246"
3,34,1,"simulated",1,TRUE,"sim_1247"
80,331,225,"simulated",225,FALSE,"sim_1248"
6,42,8,"simulated",8,FALSE,"sim_1249"
6,63,12,"simulated",12,FALSE,"sim_1251"
4,30,8,"simulated",8,TRUE,"sim_1253"
27,164,69,"simulated",69,FALSE,"sim_1254"
16,137,49,"simulated",49,FALSE,"sim_1255"
17,154,48,"simulated",48,FALSE,"sim_1256"
6,70,10,"simulated",10,FALSE,"sim_1258"
3,8,2,"simulated",2,FALSE,"sim_1259"
7,59,14,"simulated",14,FALSE,"sim_1261"
9,76,19,"simulated",19,FALSE,"sim_1262"
175,610,473,"simulated",473,FALSE,"sim_1263"
110,432,290,"simulated",290,FALSE,"sim_1265"
11,79,24,"simulated",24,FALSE,"sim_1266"
4,27,4,"simulated",4,TRUE,"sim_1267"
11,101,27,"simulated",27,FALSE,"sim_1268"
49,274,125,"simulated",125,FALSE,"sim_1269"
6,64,12,"simulated",12,FALSE,"sim_1271"
3,9,1,"simulated",1,TRUE,"sim_1272"
3,20,1,"simulated",1,TRUE,"sim_1273"
4,20,6,"simulated",6,FALSE,"sim_1274"
4,39,7,"simulated",5,FALSE,"sim_1276"
4,41,6,"simulated",6,FALSE,"sim_1277"
3,22,2,"simulated",1,TRUE,"sim_1278"
3,17,3,"simulated",3,TRUE,"sim_1279"
4,33,6,"simulated",4,TRUE,"sim_1280"
3,22,1,"simulated",1,TRUE,"sim_1281"
12,104,28,"simulated",27,FALSE,"sim_1282"
7,72,12,"simulated",12,TRUE,"sim_1283"
3,34,2,"simulated",2,TRUE,"sim_1284"
746,1797,1835,"simulated",1835,FALSE,"sim_1286"
4,38,4,"simulated",4,TRUE,"sim_1288"
5,49,8,"simulated",8,TRUE,"sim_1289"
4,26,5,"simulated",5,TRUE,"sim_1290"
3,15,1,"simulated",1,TRUE,"sim_1292"
7,72,20,"simulated",20,TRUE,"sim_1293"
3,14,1,"simulated",1,TRUE,"sim_1294"
4,44,9,"simulated",9,TRUE,"sim_1295"
592,1850,1531,"simulated",1531,TRUE,"sim_1296"
3,47,3,"simulated",2,TRUE,"sim_1298"
191,713,511,"simulated",511,TRUE,"sim_1299"
13,126,36,"simulated",36,TRUE,"sim_1300"
7,45,13,"simulated",13,FALSE,"sim_1301"
11,67,26,"simulated",26,FALSE,"sim_1302"
3,6,1,"simulated",1,TRUE,"sim_1303"
4,13,3,"simulated",3,FALSE,"sim_1304"
4,48,5,"simulated",5,FALSE,"sim_1305"
4,38,3,"simulated",3,TRUE,"sim_1306"
3,25,1,"simulated",1,TRUE,"sim_1307"
3,11,1,"simulated",1,TRUE,"sim_1308"
4,21,5,"simulated",4,FALSE,"sim_1310"
4,32,5,"simulated",5,FALSE,"sim_1311"
4,28,5,"simulated",5,FALSE,"sim_1312"
4,27,6,"simulated",6,FALSE,"sim_1313"
4,37,8,"simulated",5,FALSE,"sim_1316"
4,19,2,"simulated",2,TRUE,"sim_1317"
3,35,4,"simulated",1,FALSE,"sim_1318"
4,43,7,"simulated",7,FALSE,"sim_1319"
4,25,3,"simulated",3,TRUE,"sim_1322"
7,50,16,"simulated",16,FALSE,"sim_1323"
3,18,1,"simulated",1,TRUE,"sim_1324"
3,16,2,"simulated",2,FALSE,"sim_1325"
6,47,11,"simulated",11,FALSE,"sim_1326"
6,48,13,"simulated",12,FALSE,"sim_1328"
5,42,8,"simulated",8,FALSE,"sim_1330"
3,38,3,"simulated",1,FALSE,"sim_1331"
3,45,5,"simulated",3,TRUE,"sim_1332"
4,56,5,"simulated",3,FALSE,"sim_1333"
3,31,4,"simulated",2,FALSE,"sim_1334"
4,48,7,"simulated",7,FALSE,"sim_1337"
3,20,3,"simulated",3,TRUE,"sim_1339"
4,53,4,"simulated",4,TRUE,"sim_1342"
5,81,7,"simulated",7,FALSE,"sim_1343"
3,34,2,"simulated",1,TRUE,"sim_1344"
3,20,1,"simulated",1,TRUE,"sim_1345"
5,71,14,"simulated",14,FALSE,"sim_1346"
3,31,1,"simulated",1,TRUE,"sim_1347"
6,96,15,"simulated",15,FALSE,"sim_1352"
3,31,2,"simulated",1,TRUE,"sim_1354"
4,37,3,"simulated",3,TRUE,"sim_1355"
3,60,3,"simulated",2,TRUE,"sim_1356"
3,44,2,"simulated",1,TRUE,"sim_1358"
3,20,2,"simulated",1,TRUE,"sim_1359"
5,102,10,"simulated",9,FALSE,"sim_1361"
5,84,10,"simulated",9,FALSE,"sim_1366"
3,10,1,"simulated",1,TRUE,"sim_1368"
3,26,2,"simulated",2,TRUE,"sim_1369"
3,37,3,"simulated",3,TRUE,"sim_1371"
3,14,1,"simulated",1,TRUE,"sim_1372"
3,18,1,"simulated",1,TRUE,"sim_1373"
3,25,2,"simulated",2,TRUE,"sim_1375"
4,46,5,"simulated",5,TRUE,"sim_1376"
3,48,3,"simulated",2,TRUE,"sim_1378"
3,31,1,"simulated",1,TRUE,"sim_1379"
4,48,4,"simulated",4,FALSE,"sim_1380"
3,39,2,"simulated",1,TRUE,"sim_1381"
4,89,5,"simulated",5,TRUE,"sim_1382"
3,14,1,"simulated",1,TRUE,"sim_1383"
3,9,1,"simulated",1,TRUE,"sim_1384"
3,66,4,"simulated",3,FALSE,"sim_1385"
3,11,1,"simulated",1,TRUE,"sim_1386"
4,54,9,"simulated",7,FALSE,"sim_1389"
3,19,1,"simulated",1,TRUE,"sim_1391"
3,17,1,"simulated",1,TRUE,"sim_1396"
4,35,3,"simulated",3,TRUE,"sim_1398"
3,36,2,"simulated",2,FALSE,"sim_1399"
4,39,4,"simulated",4,TRUE,"sim_1400"
3,14,1,"simulated",1,TRUE,"sim_1402"
3,20,5,"simulated",3,FALSE,"sim_1404"
4,41,4,"simulated",3,TRUE,"sim_1405"
3,45,2,"simulated",2,FALSE,"sim_1406"
4,34,4,"simulated",3,TRUE,"sim_1407"
3,19,2,"simulated",1,FALSE,"sim_1408"
4,57,4,"simulated",4,TRUE,"sim_1410"
4,63,7,"simulated",5,FALSE,"sim_1412"
3,44,4,"simulated",3,FALSE,"sim_1413"
3,24,2,"simulated",2,TRUE,"sim_1417"
3,25,1,"simulated",1,TRUE,"sim_1420"
4,88,7,"simulated",7,FALSE,"sim_1421"
3,31,2,"simulated",1,TRUE,"sim_1424"
3,40,4,"simulated",2,TRUE,"sim_1426"
4,57,7,"simulated",6,TRUE,"sim_1428"
3,40,2,"simulated",2,TRUE,"sim_1429"
4,69,8,"simulated",6,FALSE,"sim_1430"
3,36,3,"simulated",2,FALSE,"sim_1433"
3,17,1,"simulated",1,TRUE,"sim_1434"
4,52,4,"simulated",4,FALSE,"sim_1437"
3,8,1,"simulated",1,TRUE,"sim_1438"
3,27,1,"simulated",1,TRUE,"sim_1439"
3,60,2,"simulated",1,TRUE,"sim_1440"
4,34,3,"simulated",3,FALSE,"sim_1441"
3,12,1,"simulated",1,TRUE,"sim_1442"
4,52,6,"simulated",2,FALSE,"sim_1443"
3,23,2,"simulated",1,FALSE,"sim_1447"
3,19,1,"simulated",1,TRUE,"sim_1448"
4,54,7,"simulated",2,FALSE,"sim_1449"
6,101,11,"simulated",10,FALSE,"sim_1450"
3,29,3,"simulated",2,FALSE,"sim_1452"
4,51,2,"simulated",2,TRUE,"sim_1453"
3,36,3,"simulated",2,TRUE,"sim_1454"
3,49,3,"simulated",1,TRUE,"sim_1455"
3,75,3,"simulated",3,TRUE,"sim_1456"
5,73,11,"simulated",11,FALSE,"sim_1457"
4,74,6,"simulated",6,TRUE,"sim_1458"
3,32,1,"simulated",1,TRUE,"sim_1460"
4,54,7,"simulated",7,TRUE,"sim_1461"
6,81,10,"simulated",10,TRUE,"sim_1463"
3,37,3,"simulated",3,TRUE,"sim_1469"
5,80,9,"simulated",9,FALSE,"sim_1471"
3,13,2,"simulated",2,TRUE,"sim_1472"
3,12,1,"simulated",1,TRUE,"sim_1474"
4,53,9,"simulated",8,FALSE,"sim_1476"
3,22,2,"simulated",1,FALSE,"sim_1478"
4,66,5,"simulated",3,FALSE,"sim_1479"
3,45,1,"simulated",1,TRUE,"sim_1480"
3,44,3,"simulated",1,TRUE,"sim_1481"
4,58,6,"simulated",5,TRUE,"sim_1482"
3,15,1,"simulated",1,TRUE,"sim_1483"
3,8,1,"simulated",1,TRUE,"sim_1484"
3,24,1,"simulated",1,TRUE,"sim_1486"
3,34,2,"simulated",2,TRUE,"sim_1487"
3,37,3,"simulated",3,TRUE,"sim_1489"
5,47,7,"simulated",7,FALSE,"sim_1490"
4,40,6,"simulated",6,FALSE,"sim_1491"
4,47,4,"simulated",4,TRUE,"sim_1492"
4,60,8,"simulated",8,FALSE,"sim_1495"
3,71,5,"simulated",4,FALSE,"sim_1496"
3,16,1,"simulated",1,TRUE,"sim_1497"
5,84,10,"simulated",10,FALSE,"sim_1498"
3,48,1,"simulated",1,TRUE,"sim_1500"
3,27,1,"simulated",1,TRUE,"sim_1502"
3,20,1,"simulated",1,TRUE,"sim_1504"
3,13,1,"simulated",1,TRUE,"sim_1505"
3,10,1,"simulated",1,TRUE,"sim_1506"
4,44,5,"simulated",4,TRUE,"sim_1507"
3,49,1,"simulated",1,TRUE,"sim_1508"
6,89,14,"simulated",14,FALSE,"sim_1509"
5,67,10,"simulated",9,FALSE,"sim_1510"
3,36,1,"simulated",1,TRUE,"sim_1511"
4,28,6,"simulated",6,TRUE,"sim_1515"
3,10,1,"simulated",1,TRUE,"sim_1516"
3,14,1,"simulated",1,TRUE,"sim_1519"
4,26,4,"simulated",3,FALSE,"sim_1522"
3,19,1,"simulated",1,TRUE,"sim_1523"
4,42,4,"simulated",3,TRUE,"sim_1525"
3,38,1,"simulated",1,TRUE,"sim_1526"
3,10,1,"simulated",1,TRUE,"sim_1528"
4,53,3,"simulated",3,TRUE,"sim_1531"
4,52,5,"simulated",5,TRUE,"sim_1532"
8,89,19,"simulated",18,FALSE,"sim_1535"
3,40,3,"simulated",3,TRUE,"sim_1536"
4,92,7,"simulated",5,TRUE,"sim_1541"
3,17,2,"simulated",1,TRUE,"sim_1542"
5,40,9,"simulated",9,FALSE,"sim_1545"
3,75,5,"simulated",4,FALSE,"sim_1548"
4,22,2,"simulated",2,TRUE,"sim_1549"
3,29,1,"simulated",1,TRUE,"sim_1553"
3,53,4,"simulated",2,FALSE,"sim_1555"
3,25,1,"simulated",1,TRUE,"sim_1556"
3,50,4,"simulated",3,TRUE,"sim_1557"
3,27,1,"simulated",1,TRUE,"sim_1558"
3,37,2,"simulated",1,TRUE,"sim_1559"
3,14,1,"simulated",1,TRUE,"sim_1560"
3,38,1,"simulated",1,TRUE,"sim_1561"
4,52,7,"simulated",7,FALSE,"sim_1562"
3,11,1,"simulated",1,TRUE,"sim_1565"
4,39,4,"simulated",3,FALSE,"sim_1566"
3,20,2,"simulated",2,TRUE,"sim_1567"
3,41,2,"simulated",1,TRUE,"sim_1569"
5,57,7,"simulated",7,FALSE,"sim_1570"
5,100,9,"simulated",8,FALSE,"sim_1573"
3,17,2,"simulated",1,TRUE,"sim_1574"
3,42,1,"simulated",1,TRUE,"sim_1575"
4,80,9,"simulated",5,FALSE,"sim_1577"
4,80,7,"simulated",5,TRUE,"sim_1578"
3,10,1,"simulated",1,TRUE,"sim_1579"
3,16,4,"simulated",2,TRUE,"sim_1580"
4,67,5,"simulated",5,TRUE,"sim_1582"
4,45,4,"simulated",2,TRUE,"sim_1583"
4,63,4,"simulated",3,FALSE,"sim_1587"
4,35,4,"simulated",4,FALSE,"sim_1588"
3,14,3,"simulated",2,TRUE,"sim_1589"
3,8,1,"simulated",1,TRUE,"sim_1591"
3,4,1,"simulated",1,TRUE,"sim_1593"
3,11,1,"simulated",1,TRUE,"sim_1594"
4,36,5,"simulated",5,FALSE,"sim_1598"
3,33,2,"simulated",2,FALSE,"sim_1599"
3,25,3,"simulated",2,TRUE,"sim_1603"
3,14,1,"simulated",1,TRUE,"sim_1604"
3,14,1,"simulated",1,TRUE,"sim_1606"
5,87,9,"simulated",9,FALSE,"sim_1609"
3,38,2,"simulated",1,TRUE,"sim_1610"
3,55,2,"simulated",2,TRUE,"sim_1611"
3,72,3,"simulated",2,TRUE,"sim_1612"
3,43,2,"simulated",2,TRUE,"sim_1613"
3,49,3,"simulated",3,TRUE,"sim_1617"
5,69,10,"simulated",10,FALSE,"sim_1619"
3,39,1,"simulated",1,TRUE,"sim_1623"
3,77,4,"simulated",2,TRUE,"sim_1624"
3,25,1,"simulated",1,TRUE,"sim_1625"
5,53,9,"simulated",9,FALSE,"sim_1627"
4,71,4,"simulated",4,TRUE,"sim_1628"
3,14,1,"simulated",1,TRUE,"sim_1630"
3,44,3,"simulated",3,TRUE,"sim_1631"
3,13,1,"simulated",1,TRUE,"sim_1632"
3,9,1,"simulated",1,TRUE,"sim_1634"
4,48,5,"simulated",5,TRUE,"sim_1635"
3,75,3,"simulated",1,TRUE,"sim_1637"
3,11,1,"simulated",1,TRUE,"sim_1638"
4,27,3,"simulated",2,FALSE,"sim_1639"
3,38,4,"simulated",3,TRUE,"sim_1640"
3,21,2,"simulated",2,FALSE,"sim_1641"
6,96,15,"simulated",15,FALSE,"sim_1645"
3,22,2,"simulated",1,TRUE,"sim_1646"
3,35,2,"simulated",1,TRUE,"sim_1647"
6,91,11,"simulated",11,FALSE,"sim_1648"
3,46,1,"simulated",1,TRUE,"sim_1651"
3,31,1,"simulated",1,TRUE,"sim_1654"
3,35,2,"simulated",2,TRUE,"sim_1657"
3,39,3,"simulated",3,FALSE,"sim_1658"
3,23,1,"simulated",1,TRUE,"sim_1659"
3,21,1,"simulated",1,TRUE,"sim_1660"
3,16,2,"simulated",2,TRUE,"sim_1662"
3,12,1,"simulated",1,TRUE,"sim_1663"
3,43,2,"simulated",1,TRUE,"sim_1664"
4,53,4,"simulated",2,FALSE,"sim_1667"
3,20,2,"simulated",1,FALSE,"sim_1670"
3,29,2,"simulated",1,TRUE,"sim_1671"
3,46,4,"simulated",3,TRUE,"sim_1672"
3,44,2,"simulated",1,TRUE,"sim_1673"
3,38,3,"simulated",3,TRUE,"sim_1674"
3,18,1,"simulated",1,TRUE,"sim_1676"
3,49,1,"simulated",1,TRUE,"sim_1680"
3,8,1,"simulated",1,TRUE,"sim_1682"
4,42,6,"simulated",6,FALSE,"sim_1684"
3,43,3,"simulated",2,TRUE,"sim_1685"
3,46,2,"simulated",2,TRUE,"sim_1687"
4,51,8,"simulated",7,FALSE,"sim_1688"
3,51,4,"simulated",4,TRUE,"sim_1689"
7,89,14,"simulated",13,FALSE,"sim_1691"
4,70,6,"simulated",6,TRUE,"sim_1692"
3,17,2,"simulated",1,TRUE,"sim_1694"
4,34,3,"simulated",2,TRUE,"sim_1695"
3,29,3,"simulated",2,TRUE,"sim_1696"
3,19,2,"simulated",1,TRUE,"sim_1697"
3,8,1,"simulated",1,TRUE,"sim_1699"
5,75,12,"simulated",10,TRUE,"sim_1701"
4,56,7,"simulated",6,TRUE,"sim_1705"
3,39,4,"simulated",1,TRUE,"sim_1707"
3,14,1,"simulated",1,TRUE,"sim_1708"
6,70,13,"simulated",12,FALSE,"sim_1709"
3,44,3,"simulated",1,TRUE,"sim_1710"
3,28,2,"simulated",2,TRUE,"sim_1714"
3,27,2,"simulated",2,TRUE,"sim_1716"
3,16,1,"simulated",1,TRUE,"sim_1718"
4,37,5,"simulated",4,TRUE,"sim_1719"
4,43,5,"simulated",4,TRUE,"sim_1720"
3,34,2,"simulated",1,TRUE,"sim_1721"
3,24,1,"simulated",1,TRUE,"sim_1722"
3,37,1,"simulated",1,TRUE,"sim_1724"
4,62,6,"simulated",5,TRUE,"sim_1727"
3,13,1,"simulated",1,TRUE,"sim_1728"
3,62,1,"simulated",1,TRUE,"sim_1729"
4,58,5,"simulated",4,TRUE,"sim_1730"
7,108,20,"simulated",19,FALSE,"sim_1731"
5,129,21,"simulated",18,FALSE,"sim_1733"
4,39,3,"simulated",3,TRUE,"sim_1734"
4,45,4,"simulated",3,TRUE,"sim_1737"
3,14,2,"simulated",1,TRUE,"sim_1738"
5,86,15,"simulated",12,FALSE,"sim_1741"
3,52,6,"simulated",2,TRUE,"sim_1745"
3,55,1,"simulated",1,TRUE,"sim_1746"
3,22,1,"simulated",1,TRUE,"sim_1747"
6,108,20,"simulated",20,FALSE,"sim_1750"
5,71,9,"simulated",7,FALSE,"sim_1751"
7,99,13,"simulated",13,FALSE,"sim_1752"
3,40,3,"simulated",3,TRUE,"sim_1754"
5,31,6,"simulated",6,TRUE,"sim_1756"
7,102,22,"simulated",22,FALSE,"sim_1757"
4,69,5,"simulated",5,TRUE,"sim_1759"
22,261,71,"simulated",71,FALSE,"sim_1760"
3,23,2,"simulated",2,TRUE,"sim_1761"
3,41,3,"simulated",1,FALSE,"sim_1762"
3,24,2,"simulated",1,TRUE,"sim_1764"
5,101,13,"simulated",12,FALSE,"sim_1767"
4,34,4,"simulated",4,TRUE,"sim_1768"
5,76,8,"simulated",7,FALSE,"sim_1769"
3,17,1,"simulated",1,TRUE,"sim_1770"
4,36,6,"simulated",6,FALSE,"sim_1773"
3,51,4,"simulated",2,FALSE,"sim_1774"
3,21,2,"simulated",1,TRUE,"sim_1776"
3,37,4,"simulated",2,FALSE,"sim_1777"
3,43,3,"simulated",1,TRUE,"sim_1779"
4,56,6,"simulated",4,TRUE,"sim_1782"
6,63,13,"simulated",13,FALSE,"sim_1783"
3,27,1,"simulated",1,TRUE,"sim_1784"
3,31,2,"simulated",2,TRUE,"sim_1785"
3,9,1,"simulated",1,TRUE,"sim_1786"
3,54,1,"simulated",1,TRUE,"sim_1787"
4,48,5,"simulated",5,TRUE,"sim_1788"
5,85,11,"simulated",11,TRUE,"sim_1790"
4,61,7,"simulated",7,TRUE,"sim_1791"
3,13,1,"simulated",1,TRUE,"sim_1792"
6,105,17,"simulated",16,FALSE,"sim_1793"
3,22,1,"simulated",1,TRUE,"sim_1795"
5,70,7,"simulated",7,FALSE,"sim_1797"
6,121,15,"simulated",14,FALSE,"sim_1798"
4,104,10,"simulated",9,FALSE,"sim_1799"
3,22,1,"simulated",1,TRUE,"sim_1801"
3,34,4,"simulated",3,TRUE,"sim_1803"
5,55,8,"simulated",6,TRUE,"sim_1804"
3,31,2,"simulated",2,TRUE,"sim_1807"
4,26,3,"simulated",3,TRUE,"sim_1808"
3,40,1,"simulated",1,TRUE,"sim_1810"
3,17,1,"simulated",1,TRUE,"sim_1812"
3,51,1,"simulated",1,TRUE,"sim_1813"
3,44,3,"simulated",2,TRUE,"sim_1814"
4,87,7,"simulated",7,TRUE,"sim_1818"
4,68,6,"simulated",5,FALSE,"sim_1821"
3,52,2,"simulated",1,TRUE,"sim_1822"
12,150,33,"simulated",33,FALSE,"sim_1824"
3,41,2,"simulated",1,TRUE,"sim_1825"
3,44,1,"simulated",1,TRUE,"sim_1827"
4,79,7,"simulated",7,TRUE,"sim_1828"
3,25,3,"simulated",2,TRUE,"sim_1831"
4,43,7,"simulated",6,TRUE,"sim_1832"
3,21,1,"simulated",1,TRUE,"sim_1833"
3,24,1,"simulated",1,TRUE,"sim_1834"
3,16,1,"simulated",1,TRUE,"sim_1835"
4,53,5,"simulated",4,FALSE,"sim_1836"
3,48,1,"simulated",1,TRUE,"sim_1839"
4,67,7,"simulated",4,TRUE,"sim_1842"
8,139,17,"simulated",17,FALSE,"sim_1843"
3,22,1,"simulated",1,TRUE,"sim_1844"
4,66,6,"simulated",5,TRUE,"sim_1845"
3,15,1,"simulated",1,TRUE,"sim_1847"
4,64,5,"simulated",2,TRUE,"sim_1848"
3,21,2,"simulated",2,TRUE,"sim_1851"
4,53,6,"simulated",4,TRUE,"sim_1855"
4,48,4,"simulated",4,TRUE,"sim_1857"
5,76,9,"simulated",8,TRUE,"sim_1858"
6,109,18,"simulated",17,FALSE,"sim_1859"
4,47,7,"simulated",6,TRUE,"sim_1861"
4,59,4,"simulated",3,TRUE,"sim_1862"
11,171,31,"simulated",30,TRUE,"sim_1863"
5,52,8,"simulated",8,TRUE,"sim_1866"
3,45,2,"simulated",2,TRUE,"sim_1868"
10,98,21,"simulated",20,FALSE,"sim_1870"
4,62,9,"simulated",9,TRUE,"sim_1872"
4,57,6,"simulated",3,TRUE,"sim_1873"
4,39,4,"simulated",4,FALSE,"sim_1875"
3,24,2,"simulated",1,TRUE,"sim_1877"
3,30,1,"simulated",1,TRUE,"sim_1879"
4,76,5,"simulated",5,TRUE,"sim_1880"
3,28,1,"simulated",1,TRUE,"sim_1881"
3,43,2,"simulated",1,FALSE,"sim_1883"
4,67,6,"simulated",5,FALSE,"sim_1884"
3,46,2,"simulated",1,TRUE,"sim_1886"
3,11,2,"simulated",2,FALSE,"sim_1887"
3,12,1,"simulated",1,TRUE,"sim_1888"
3,24,4,"simulated",3,FALSE,"sim_1889"
3,29,1,"simulated",1,TRUE,"sim_1893"
3,27,1,"simulated",1,TRUE,"sim_1894"
23,295,62,"simulated",62,FALSE,"sim_1896"
3,45,3,"simulated",2,TRUE,"sim_1897"
3,38,2,"simulated",2,TRUE,"sim_1898"
4,68,2,"simulated",2,TRUE,"sim_1899"
4,57,4,"simulated",4,TRUE,"sim_1902"
3,45,3,"simulated",2,TRUE,"sim_1903"
5,77,12,"simulated",12,TRUE,"sim_1904"
3,44,4,"simulated",2,TRUE,"sim_1907"
5,84,12,"simulated",11,TRUE,"sim_1910"
3,19,1,"simulated",1,TRUE,"sim_1911"
9,106,23,"simulated",23,FALSE,"sim_1912"
3,38,1,"simulated",1,TRUE,"sim_1914"
4,60,7,"simulated",4,TRUE,"sim_1916"
3,37,2,"simulated",1,TRUE,"sim_1917"
3,27,1,"simulated",1,TRUE,"sim_1919"
3,58,2,"simulated",2,TRUE,"sim_1920"
3,25,1,"simulated",1,TRUE,"sim_1921"
5,103,11,"simulated",9,FALSE,"sim_1922"
4,60,5,"simulated",5,FALSE,"sim_1923"
3,54,3,"simulated",3,TRUE,"sim_1924"
4,30,5,"simulated",4,FALSE,"sim_1926"
3,11,1,"simulated",1,TRUE,"sim_1928"
3,24,1,"simulated",1,TRUE,"sim_1929"
3,24,2,"simulated",1,TRUE,"sim_1931"
3,24,2,"simulated",1,TRUE,"sim_1933"
3,34,2,"simulated",1,TRUE,"sim_1934"
5,54,5,"simulated",5,FALSE,"sim_1935"
3,18,1,"simulated",1,TRUE,"sim_1937"
5,99,13,"simulated",11,FALSE,"sim_1939"
4,55,6,"simulated",6,TRUE,"sim_1941"
4,31,3,"simulated",3,TRUE,"sim_1942"
4,43,4,"simulated",4,FALSE,"sim_1943"
3,21,1,"simulated",1,TRUE,"sim_1944"
3,21,2,"simulated",2,TRUE,"sim_1945"
3,29,1,"simulated",1,TRUE,"sim_1947"
4,32,5,"simulated",4,FALSE,"sim_1949"
4,38,4,"simulated",4,TRUE,"sim_1952"
4,32,5,"simulated",4,TRUE,"sim_1953"
3,30,2,"simulated",1,TRUE,"sim_1954"
3,16,3,"simulated",3,FALSE,"sim_1955"
3,40,4,"simulated",4,FALSE,"sim_1956"
6,53,8,"simulated",8,FALSE,"sim_1958"
3,28,3,"simulated",2,TRUE,"sim_1959"
3,43,3,"simulated",3,TRUE,"sim_1961"
5,42,8,"simulated",8,FALSE,"sim_1962"
8,80,17,"simulated",17,FALSE,"sim_1963"
6,67,12,"simulated",11,FALSE,"sim_1965"
3,33,2,"simulated",2,TRUE,"sim_1966"
4,44,6,"simulated",6,FALSE,"sim_1967"
3,11,1,"simulated",1,TRUE,"sim_1968"
3,13,2,"simulated",1,TRUE,"sim_1969"
3,22,1,"simulated",1,TRUE,"sim_1970"
4,51,7,"simulated",7,FALSE,"sim_1971"
3,30,1,"simulated",1,TRUE,"sim_1972"
3,16,1,"simulated",1,TRUE,"sim_1974"
4,46,8,"simulated",8,FALSE,"sim_1975"
3,32,2,"simulated",1,TRUE,"sim_1976"
4,36,6,"simulated",5,FALSE,"sim_1977"
3,20,1,"simulated",1,TRUE,"sim_1979"
5,19,5,"simulated",5,FALSE,"sim_1980"
4,56,7,"simulated",7,TRUE,"sim_1982"
7,79,17,"simulated",17,FALSE,"sim_1985"
4,51,6,"simulated",6,TRUE,"sim_1986"
3,20,1,"simulated",1,TRUE,"sim_1988"
6,70,12,"simulated",12,FALSE,"sim_1989"
3,49,4,"simulated",1,TRUE,"sim_1990"
3,35,3,"simulated",2,TRUE,"sim_1991"
4,27,3,"simulated",3,TRUE,"sim_1992"
9,84,22,"simulated",21,FALSE,"sim_1993"
4,38,4,"simulated",4,TRUE,"sim_1994"
5,67,16,"simulated",15,FALSE,"sim_1996"
7,91,16,"simulated",16,FALSE,"sim_1997"
3,41,2,"simulated",1,TRUE,"sim_1998"
6,62,11,"simulated",11,FALSE,"sim_1999"
3,19,2,"simulated",1,FALSE,"sim_2001"
4,36,7,"simulated",7,FALSE,"sim_2003"
3,31,2,"simulated",1,TRUE,"sim_2006"
3,17,1,"simulated",1,TRUE,"sim_2007"
4,38,5,"simulated",4,FALSE,"sim_2008"
3,16,1,"simulated",1,TRUE,"sim_2009"
3,26,3,"simulated",3,TRUE,"sim_2010"
6,50,13,"simulated",13,FALSE,"sim_2011"
4,28,4,"simulated",4,FALSE,"sim_2012"
3,29,1,"simulated",1,TRUE,"sim_2013"
3,33,2,"simulated",1,TRUE,"sim_2014"
3,24,2,"simulated",1,TRUE,"sim_2015"
3,16,1,"simulated",1,TRUE,"sim_2017"
3,31,4,"simulated",4,FALSE,"sim_2021"
4,58,6,"simulated",6,FALSE,"sim_2022"
4,33,3,"simulated",2,FALSE,"sim_2023"
8,58,20,"simulated",16,FALSE,"sim_2025"
3,28,2,"simulated",2,FALSE,"sim_2026"
3,25,2,"simulated",2,FALSE,"sim_2027"
3,23,2,"simulated",1,FALSE,"sim_2028"
3,37,1,"simulated",1,TRUE,"sim_2030"
6,52,9,"simulated",8,FALSE,"sim_2031"
3,29,1,"simulated",1,TRUE,"sim_2034"
4,33,5,"simulated",4,FALSE,"sim_2037"
9,89,21,"simulated",21,FALSE,"sim_2038"
4,9,3,"simulated",3,FALSE,"sim_2039"
4,37,4,"simulated",4,FALSE,"sim_2040"
5,54,8,"simulated",8,FALSE,"sim_2041"
4,35,3,"simulated",3,TRUE,"sim_2044"
27,153,79,"simulated",79,FALSE,"sim_2045"
3,31,2,"simulated",2,TRUE,"sim_2046"
3,29,1,"simulated",1,TRUE,"sim_2047"
5,70,14,"simulated",14,FALSE,"sim_2048"
4,26,3,"simulated",2,TRUE,"sim_2050"
6,48,10,"simulated",10,FALSE,"sim_2051"
5,46,6,"simulated",6,FALSE,"sim_2053"
3,21,1,"simulated",1,TRUE,"sim_2054"
3,12,2,"simulated",2,TRUE,"sim_2055"
3,23,2,"simulated",2,TRUE,"sim_2057"
3,36,4,"simulated",2,TRUE,"sim_2058"
4,49,7,"simulated",7,FALSE,"sim_2059"
7,63,17,"simulated",16,FALSE,"sim_2062"
5,85,10,"simulated",10,FALSE,"sim_2063"
3,22,1,"simulated",1,TRUE,"sim_2064"
3,24,2,"simulated",2,TRUE,"sim_2066"
3,15,1,"simulated",1,TRUE,"sim_2067"
4,69,8,"simulated",7,FALSE,"sim_2069"
3,42,2,"simulated",2,TRUE,"sim_2073"
3,15,2,"simulated",2,TRUE,"sim_2076"
3,19,1,"simulated",1,TRUE,"sim_2077"
3,19,2,"simulated",2,TRUE,"sim_2078"
3,30,1,"simulated",1,TRUE,"sim_2080"
3,9,1,"simulated",1,TRUE,"sim_2082"
3,14,1,"simulated",1,TRUE,"sim_2083"
3,14,1,"simulated",1,TRUE,"sim_2084"
3,33,4,"simulated",2,TRUE,"sim_2086"
4,50,11,"simulated",9,FALSE,"sim_2087"
4,42,7,"simulated",7,TRUE,"sim_2088"
3,12,1,"simulated",1,TRUE,"sim_2090"
3,15,1,"simulated",1,TRUE,"sim_2091"
3,26,2,"simulated",2,TRUE,"sim_2092"
3,38,3,"simulated",2,FALSE,"sim_2093"
4,16,2,"simulated",2,TRUE,"sim_2094"
6,85,20,"simulated",20,FALSE,"sim_2095"
3,23,2,"simulated",1,FALSE,"sim_2096"
3,29,1,"simulated",1,TRUE,"sim_2098"
4,31,4,"simulated",2,TRUE,"sim_2099"
3,16,1,"simulated",1,TRUE,"sim_2100"
3,40,1,"simulated",1,TRUE,"sim_2101"
10,100,27,"simulated",27,FALSE,"sim_2102"
4,16,4,"simulated",3,FALSE,"sim_2103"
3,15,2,"simulated",2,TRUE,"sim_2104"
5,50,10,"simulated",10,FALSE,"sim_2105"
3,41,1,"simulated",1,TRUE,"sim_2106"
3,25,2,"simulated",1,TRUE,"sim_2107"
5,49,11,"simulated",11,FALSE,"sim_2108"
3,7,1,"simulated",1,TRUE,"sim_2109"
3,24,2,"simulated",2,TRUE,"sim_2110"
3,37,2,"simulated",2,FALSE,"sim_2111"
3,35,2,"simulated",2,TRUE,"sim_2113"
3,31,2,"simulated",1,TRUE,"sim_2114"
4,54,7,"simulated",4,TRUE,"sim_2117"
4,49,8,"simulated",8,TRUE,"sim_2121"
4,49,5,"simulated",4,TRUE,"sim_2122"
8,74,17,"simulated",16,FALSE,"sim_2123"
3,33,1,"simulated",1,TRUE,"sim_2124"
5,53,9,"simulated",8,FALSE,"sim_2125"
4,39,4,"simulated",4,FALSE,"sim_2126"
5,47,7,"simulated",7,TRUE,"sim_2128"
4,14,2,"simulated",2,TRUE,"sim_2129"
5,44,6,"simulated",6,TRUE,"sim_2130"
4,43,6,"simulated",6,TRUE,"sim_2132"
4,45,5,"simulated",3,FALSE,"sim_2133"
4,47,8,"simulated",7,TRUE,"sim_2134"
3,35,1,"simulated",1,TRUE,"sim_2135"
4,29,4,"simulated",3,FALSE,"sim_2136"
3,8,1,"simulated",1,TRUE,"sim_2138"
4,31,4,"simulated",4,FALSE,"sim_2141"
3,11,1,"simulated",1,TRUE,"sim_2142"
3,17,1,"simulated",1,TRUE,"sim_2143"
3,10,2,"simulated",2,TRUE,"sim_2145"
3,34,2,"simulated",2,TRUE,"sim_2146"
7,62,14,"simulated",14,FALSE,"sim_2149"
3,32,3,"simulated",2,TRUE,"sim_2150"
3,27,1,"simulated",1,TRUE,"sim_2151"
5,68,13,"simulated",13,FALSE,"sim_2152"
3,26,1,"simulated",1,TRUE,"sim_2154"
4,18,3,"simulated",3,FALSE,"sim_2155"
3,20,1,"simulated",1,TRUE,"sim_2156"
3,18,2,"simulated",1,TRUE,"sim_2157"
3,15,2,"simulated",2,TRUE,"sim_2158"
3,49,5,"simulated",3,FALSE,"sim_2159"
3,38,3,"simulated",2,TRUE,"sim_2162"
4,39,3,"simulated",2,TRUE,"sim_2164"
3,40,3,"simulated",2,TRUE,"sim_2170"
7,73,16,"simulated",16,FALSE,"sim_2171"
3,49,4,"simulated",3,FALSE,"sim_2172"
5,51,9,"simulated",9,FALSE,"sim_2173"
7,73,18,"simulated",18,FALSE,"sim_2174"
6,72,16,"simulated",15,FALSE,"sim_2175"
3,12,1,"simulated",1,TRUE,"sim_2176"
4,10,2,"simulated",2,TRUE,"sim_2177"
7,99,21,"simulated",21,FALSE,"sim_2178"
3,50,5,"simulated",4,FALSE,"sim_2179"
7,86,14,"simulated",14,FALSE,"sim_2184"
4,61,6,"simulated",6,TRUE,"sim_2185"
4,42,5,"simulated",5,FALSE,"sim_2186"
3,4,1,"simulated",1,TRUE,"sim_2187"
3,21,2,"simulated",1,TRUE,"sim_2188"
3,14,2,"simulated",2,FALSE,"sim_2189"
8,77,18,"simulated",18,FALSE,"sim_2190"
4,21,3,"simulated",3,FALSE,"sim_2192"
3,28,1,"simulated",1,TRUE,"sim_2193"
3,13,1,"simulated",1,TRUE,"sim_2195"
6,66,15,"simulated",15,FALSE,"sim_2196"
3,21,1,"simulated",1,TRUE,"sim_2197"
4,30,4,"simulated",4,TRUE,"sim_2199"
3,16,1,"simulated",1,TRUE,"sim_2200"
3,8,1,"simulated",1,TRUE,"sim_2201"
7,54,13,"simulated",13,FALSE,"sim_2202"
4,26,3,"simulated",3,FALSE,"sim_2203"
3,26,1,"simulated",1,TRUE,"sim_2206"
7,76,14,"simulated",14,FALSE,"sim_2207"
4,42,4,"simulated",4,TRUE,"sim_2209"
3,31,2,"simulated",2,TRUE,"sim_2210"
4,57,6,"simulated",5,TRUE,"sim_2211"
3,64,3,"simulated",2,TRUE,"sim_2212"
3,63,5,"simulated",2,FALSE,"sim_2213"
5,58,14,"simulated",12,FALSE,"sim_2214"
4,57,8,"simulated",5,FALSE,"sim_2216"
9,102,18,"simulated",18,FALSE,"sim_2219"
3,20,1,"simulated",1,TRUE,"sim_2220"
3,16,1,"simulated",1,TRUE,"sim_2222"
3,26,2,"simulated",2,TRUE,"sim_2227"
3,24,2,"simulated",2,TRUE,"sim_2228"
4,28,5,"simulated",4,TRUE,"sim_2230"
4,55,6,"simulated",6,TRUE,"sim_2231"
3,8,1,"simulated",1,TRUE,"sim_2233"
3,47,3,"simulated",3,TRUE,"sim_2237"
5,48,11,"simulated",11,FALSE,"sim_2238"
3,14,1,"simulated",1,TRUE,"sim_2239"
10,123,26,"simulated",26,FALSE,"sim_2241"
3,26,1,"simulated",1,TRUE,"sim_2242"
3,12,1,"simulated",1,TRUE,"sim_2243"
4,46,5,"simulated",5,FALSE,"sim_2244"
3,29,3,"simulated",2,TRUE,"sim_2245"
6,65,12,"simulated",12,FALSE,"sim_2246"
3,18,2,"simulated",1,FALSE,"sim_2247"
3,17,2,"simulated",2,TRUE,"sim_2248"
4,36,6,"simulated",4,FALSE,"sim_2250"
3,15,1,"simulated",1,TRUE,"sim_2256"
3,34,2,"simulated",2,TRUE,"sim_2258"
3,30,2,"simulated",2,TRUE,"sim_2259"
3,20,2,"simulated",1,TRUE,"sim_2260"
4,44,5,"simulated",5,FALSE,"sim_2262"
5,67,12,"simulated",10,FALSE,"sim_2263"
3,29,3,"simulated",3,FALSE,"sim_2265"
4,36,5,"simulated",4,FALSE,"sim_2268"
4,24,3,"simulated",3,FALSE,"sim_2269"
4,34,3,"simulated",3,FALSE,"sim_2273"
4,37,4,"simulated",4,FALSE,"sim_2274"
3,16,2,"simulated",1,TRUE,"sim_2277"
4,44,5,"simulated",4,FALSE,"sim_2278"
3,13,3,"simulated",2,FALSE,"sim_2279"
3,27,2,"simulated",1,TRUE,"sim_2280"
4,24,3,"simulated",3,TRUE,"sim_2281"
3,27,1,"simulated",1,TRUE,"sim_2282"
7,58,19,"simulated",19,FALSE,"sim_2283"
4,26,4,"simulated",4,FALSE,"sim_2284"
5,47,11,"simulated",9,FALSE,"sim_2285"
3,28,1,"simulated",1,TRUE,"sim_2287"
3,24,1,"simulated",1,TRUE,"sim_2288"
3,17,1,"simulated",1,TRUE,"sim_2290"
3,18,2,"simulated",1,TRUE,"sim_2291"
3,33,2,"simulated",1,TRUE,"sim_2292"
4,46,7,"simulated",7,FALSE,"sim_2295"
18,136,47,"simulated",47,FALSE,"sim_2296"
3,7,1,"simulated",1,TRUE,"sim_2297"
3,10,1,"simulated",1,TRUE,"sim_2300"
7,90,15,"simulated",14,FALSE,"sim_2301"
3,38,4,"simulated",1,TRUE,"sim_2303"
6,48,9,"simulated",8,TRUE,"sim_2304"
5,63,6,"simulated",6,FALSE,"sim_2305"
11,103,28,"simulated",27,FALSE,"sim_2306"
5,39,8,"simulated",8,FALSE,"sim_2307"
3,25,1,"simulated",1,TRUE,"sim_2309"
3,26,2,"simulated",1,TRUE,"sim_2310"
6,73,11,"simulated",11,FALSE,"sim_2311"
3,31,3,"simulated",3,TRUE,"sim_2312"
4,23,3,"simulated",3,FALSE,"sim_2314"
3,35,1,"simulated",1,TRUE,"sim_2316"
7,103,23,"simulated",23,FALSE,"sim_2317"
12,96,29,"simulated",29,FALSE,"sim_2319"
8,90,18,"simulated",18,FALSE,"sim_2320"
8,68,18,"simulated",18,FALSE,"sim_2321"
3,49,3,"simulated",2,TRUE,"sim_2324"
3,44,4,"simulated",4,TRUE,"sim_2326"
3,24,4,"simulated",4,TRUE,"sim_2327"
4,26,2,"simulated",2,TRUE,"sim_2329"
4,43,4,"simulated",4,TRUE,"sim_2330"
4,26,2,"simulated",2,TRUE,"sim_2331"
3,17,1,"simulated",1,TRUE,"sim_2332"
3,13,1,"simulated",1,TRUE,"sim_2333"
3,30,3,"simulated",3,TRUE,"sim_2335"
3,20,3,"simulated",2,FALSE,"sim_2337"
5,56,8,"simulated",8,FALSE,"sim_2338"
4,28,2,"simulated",2,TRUE,"sim_2339"
5,53,8,"simulated",8,FALSE,"sim_2340"
13,120,35,"simulated",35,FALSE,"sim_2341"
3,25,2,"simulated",1,TRUE,"sim_2342"
3,13,1,"simulated",1,TRUE,"sim_2343"
3,44,3,"simulated",2,TRUE,"sim_2344"
3,27,1,"simulated",1,TRUE,"sim_2345"
5,69,11,"simulated",10,FALSE,"sim_2346"
6,78,18,"simulated",18,FALSE,"sim_2347"
3,32,3,"simulated",2,TRUE,"sim_2349"
5,41,6,"simulated",6,TRUE,"sim_2352"
4,52,4,"simulated",4,FALSE,"sim_2353"
5,51,9,"simulated",9,TRUE,"sim_2355"
6,79,22,"simulated",22,FALSE,"sim_2356"
8,95,19,"simulated",19,FALSE,"sim_2358"
3,26,1,"simulated",1,TRUE,"sim_2361"
3,26,1,"simulated",1,TRUE,"sim_2362"
3,8,1,"simulated",1,TRUE,"sim_2363"
12,99,30,"simulated",29,FALSE,"sim_2364"
4,40,4,"simulated",4,FALSE,"sim_2367"
3,26,2,"simulated",2,TRUE,"sim_2368"
3,11,2,"simulated",1,FALSE,"sim_2369"
4,55,8,"simulated",8,FALSE,"sim_2370"
3,26,3,"simulated",1,TRUE,"sim_2373"
3,43,2,"simulated",2,TRUE,"sim_2374"
4,34,4,"simulated",4,TRUE,"sim_2375"
3,48,2,"simulated",2,TRUE,"sim_2376"
4,39,4,"simulated",3,TRUE,"sim_2377"
3,11,1,"simulated",1,TRUE,"sim_2378"
3,21,1,"simulated",1,TRUE,"sim_2379"
4,38,3,"simulated",3,TRUE,"sim_2380"
3,15,1,"simulated",1,TRUE,"sim_2382"
3,28,2,"simulated",1,TRUE,"sim_2383"
3,29,2,"simulated",2,TRUE,"sim_2384"
5,55,5,"simulated",5,FALSE,"sim_2387"
5,69,11,"simulated",10,FALSE,"sim_2388"
9,76,22,"simulated",22,FALSE,"sim_2389"
3,15,2,"simulated",1,FALSE,"sim_2390"
3,5,1,"simulated",1,TRUE,"sim_2391"
4,57,6,"simulated",6,FALSE,"sim_2392"
3,22,3,"simulated",2,FALSE,"sim_2393"
6,73,18,"simulated",18,FALSE,"sim_2394"
3,30,1,"simulated",1,TRUE,"sim_2395"
3,27,1,"simulated",1,TRUE,"sim_2396"
4,13,3,"simulated",3,FALSE,"sim_2397"
4,100,10,"simulated",10,FALSE,"sim_2398"
6,64,10,"simulated",10,FALSE,"sim_2399"
14,123,38,"simulated",38,FALSE,"sim_2400"
3,16,1,"simulated",1,TRUE,"sim_2401"
3,12,1,"simulated",1,TRUE,"sim_2404"
3,25,3,"simulated",3,FALSE,"sim_2405"
3,25,1,"simulated",1,TRUE,"sim_2406"
8,103,22,"simulated",22,FALSE,"sim_2407"
16,131,41,"simulated",41,FALSE,"sim_2408"
3,28,1,"simulated",1,TRUE,"sim_2409"
3,20,1,"simulated",1,TRUE,"sim_2410"
3,34,2,"simulated",2,TRUE,"sim_2411"
5,55,7,"simulated",7,TRUE,"sim_2412"
3,27,1,"simulated",1,TRUE,"sim_2414"
4,59,4,"simulated",4,TRUE,"sim_2415"
9,97,27,"simulated",27,FALSE,"sim_2416"
3,14,1,"simulated",1,TRUE,"sim_2417"
3,33,1,"simulated",1,TRUE,"sim_2421"
3,48,1,"simulated",1,TRUE,"sim_2422"
3,23,1,"simulated",1,TRUE,"sim_2423"
3,36,2,"simulated",1,TRUE,"sim_2424"
19,140,49,"simulated",49,FALSE,"sim_2425"
4,50,6,"simulated",6,TRUE,"sim_2428"
4,38,3,"simulated",3,TRUE,"sim_2431"
6,70,10,"simulated",10,TRUE,"sim_2432"
4,46,6,"simulated",6,FALSE,"sim_2434"
4,19,4,"simulated",4,FALSE,"sim_2437"
5,70,8,"simulated",8,TRUE,"sim_2439"
6,72,13,"simulated",13,FALSE,"sim_2440"
9,121,30,"simulated",30,FALSE,"sim_2442"
4,35,5,"simulated",3,TRUE,"sim_2444"
4,32,5,"simulated",5,FALSE,"sim_2445"
11,89,27,"simulated",27,FALSE,"sim_2446"
10,127,26,"simulated",26,FALSE,"sim_2448"
3,25,2,"simulated",1,TRUE,"sim_2449"
3,27,2,"simulated",1,TRUE,"sim_2451"
3,26,3,"simulated",2,TRUE,"sim_2452"
11,129,39,"simulated",39,FALSE,"sim_2453"
3,39,2,"simulated",2,TRUE,"sim_2455"
8,98,22,"simulated",22,FALSE,"sim_2457"
3,31,2,"simulated",2,TRUE,"sim_2458"
4,56,8,"simulated",7,TRUE,"sim_2459"
3,14,1,"simulated",1,TRUE,"sim_2460"
4,33,3,"simulated",3,TRUE,"sim_2461"
3,9,1,"simulated",1,TRUE,"sim_2462"
6,64,14,"simulated",14,TRUE,"sim_2463"
8,91,22,"simulated",21,FALSE,"sim_2464"
3,37,4,"simulated",4,TRUE,"sim_2465"
3,25,3,"simulated",1,TRUE,"sim_2466"
3,35,2,"simulated",2,TRUE,"sim_2467"
3,42,2,"simulated",2,TRUE,"sim_2469"
14,153,38,"simulated",37,FALSE,"sim_2470"
3,35,2,"simulated",1,TRUE,"sim_2474"
24,199,64,"simulated",64,FALSE,"sim_2475"
4,68,6,"simulated",4,TRUE,"sim_2476"
4,50,6,"simulated",6,TRUE,"sim_2478"
7,86,13,"simulated",12,FALSE,"sim_2480"
7,87,12,"simulated",12,TRUE,"sim_2483"
5,56,12,"simulated",12,FALSE,"sim_2484"
3,24,1,"simulated",1,TRUE,"sim_2485"
4,32,5,"simulated",4,TRUE,"sim_2486"
3,13,1,"simulated",1,TRUE,"sim_2488"
3,45,3,"simulated",2,TRUE,"sim_2490"
3,9,3,"simulated",3,FALSE,"sim_2494"
3,38,4,"simulated",3,TRUE,"sim_2497"
3,37,2,"simulated",2,TRUE,"sim_2502"
3,12,1,"simulated",1,TRUE,"sim_2503"
3,51,2,"simulated",2,TRUE,"sim_2504"
4,28,5,"simulated",5,TRUE,"sim_2510"
6,59,11,"simulated",11,TRUE,"sim_2512"
49,315,140,"simulated",140,TRUE,"sim_2513"
4,46,5,"simulated",4,TRUE,"sim_2514"
3,24,3,"simulated",2,TRUE,"sim_2515"
21,179,56,"simulated",56,TRUE,"sim_2516"
8,105,20,"simulated",20,TRUE,"sim_2517"
4,45,6,"simulated",6,TRUE,"sim_2518"
4,62,7,"simulated",4,TRUE,"sim_2519"
3,53,3,"simulated",3,FALSE,"sim_2525"
4,46,4,"simulated",4,FALSE,"sim_2530"
4,22,2,"simulated",2,FALSE,"sim_2532"
3,15,2,"simulated",2,FALSE,"sim_2533"
5,51,10,"simulated",9,FALSE,"sim_2535"
4,70,6,"simulated",4,TRUE,"sim_2536"
4,20,3,"simulated",3,TRUE,"sim_2538"
4,25,3,"simulated",3,FALSE,"sim_2539"
3,37,2,"simulated",1,TRUE,"sim_2540"
5,68,13,"simulated",13,FALSE,"sim_2541"
4,24,4,"simulated",4,FALSE,"sim_2542"
4,27,6,"simulated",6,FALSE,"sim_2543"
15,108,43,"simulated",43,FALSE,"sim_2544"
5,57,8,"simulated",8,FALSE,"sim_2545"
3,19,1,"simulated",1,TRUE,"sim_2546"
4,18,3,"simulated",3,FALSE,"sim_2547"
4,39,7,"simulated",7,FALSE,"sim_2548"
4,46,3,"simulated",3,FALSE,"sim_2549"
3,26,1,"simulated",1,TRUE,"sim_2550"
4,28,4,"simulated",4,FALSE,"sim_2551"
3,31,3,"simulated",2,FALSE,"sim_2552"
3,15,1,"simulated",1,TRUE,"sim_2553"
3,18,2,"simulated",2,TRUE,"sim_2554"
4,28,4,"simulated",4,TRUE,"sim_2560"
4,11,2,"simulated",2,TRUE,"sim_2561"
4,30,5,"simulated",5,FALSE,"sim_2563"
11,67,23,"simulated",23,FALSE,"sim_2565"
5,31,10,"simulated",10,FALSE,"sim_2567"
3,27,2,"simulated",1,FALSE,"sim_2568"
4,47,6,"simulated",5,FALSE,"sim_2569"
4,23,5,"simulated",5,TRUE,"sim_2570"
5,47,9,"simulated",9,FALSE,"sim_2572"
3,9,1,"simulated",1,TRUE,"sim_2574"
5,28,5,"simulated",5,FALSE,"sim_2576"
8,51,18,"simulated",18,FALSE,"sim_2578"
3,27,2,"simulated",2,TRUE,"sim_2579"
6,43,10,"simulated",10,FALSE,"sim_2580"
5,42,5,"simulated",5,TRUE,"sim_2583"
4,23,5,"simulated",3,FALSE,"sim_2585"
7,58,15,"simulated",15,FALSE,"sim_2586"
3,8,2,"simulated",2,FALSE,"sim_2587"
4,31,4,"simulated",4,FALSE,"sim_2588"
6,53,11,"simulated",11,FALSE,"sim_2589"
4,36,6,"simulated",6,FALSE,"sim_2590"
3,11,1,"simulated",1,TRUE,"sim_2591"
8,71,16,"simulated",16,FALSE,"sim_2592"
4,30,6,"simulated",6,FALSE,"sim_2593"
10,84,28,"simulated",27,FALSE,"sim_2595"
3,22,1,"simulated",1,TRUE,"sim_2596"
8,53,16,"simulated",15,FALSE,"sim_2597"
3,17,1,"simulated",1,TRUE,"sim_2598"
3,20,2,"simulated",1,TRUE,"sim_2599"
4,31,4,"simulated",4,FALSE,"sim_2600"
5,52,10,"simulated",10,FALSE,"sim_2603"
4,27,5,"simulated",4,FALSE,"sim_2604"
6,46,10,"simulated",9,FALSE,"sim_2605"
3,9,1,"simulated",1,TRUE,"sim_2606"
4,35,6,"simulated",5,FALSE,"sim_2607"
4,42,6,"simulated",5,FALSE,"sim_2609"
7,45,19,"simulated",19,FALSE,"sim_2610"
7,50,14,"simulated",14,FALSE,"sim_2611"
6,30,11,"simulated",11,FALSE,"sim_2612"
5,35,7,"simulated",7,FALSE,"sim_2614"
3,23,1,"simulated",1,TRUE,"sim_2615"
3,10,2,"simulated",1,FALSE,"sim_2616"
3,16,1,"simulated",1,TRUE,"sim_2617"
3,28,2,"simulated",1,TRUE,"sim_2619"
4,41,7,"simulated",7,FALSE,"sim_2620"
4,37,3,"simulated",3,TRUE,"sim_2621"
4,12,3,"simulated",2,FALSE,"sim_2624"
3,23,1,"simulated",1,TRUE,"sim_2625"
5,29,10,"simulated",10,FALSE,"sim_2626"
3,19,2,"simulated",1,TRUE,"sim_2627"
3,26,4,"simulated",4,TRUE,"sim_2629"
3,18,1,"simulated",1,TRUE,"sim_2630"
5,41,7,"simulated",7,FALSE,"sim_2631"
6,32,9,"simulated",9,FALSE,"sim_2633"
14,68,33,"simulated",32,FALSE,"sim_2634"
4,39,5,"simulated",5,FALSE,"sim_2635"
3,25,1,"simulated",1,TRUE,"sim_2636"
6,40,12,"simulated",11,FALSE,"sim_2638"
3,15,1,"simulated",1,TRUE,"sim_2640"
3,13,2,"simulated",1,FALSE,"sim_2642"
6,39,11,"simulated",11,FALSE,"sim_2643"
3,22,3,"simulated",2,TRUE,"sim_2645"
5,47,9,"simulated",9,FALSE,"sim_2646"
9,69,24,"simulated",24,FALSE,"sim_2647"
5,39,6,"simulated",6,FALSE,"sim_2648"
3,25,1,"simulated",1,TRUE,"sim_2649"
10,83,26,"simulated",25,FALSE,"sim_2654"
3,25,3,"simulated",3,FALSE,"sim_2657"
3,10,1,"simulated",1,TRUE,"sim_2658"
8,75,17,"simulated",17,FALSE,"sim_2660"
9,51,20,"simulated",20,FALSE,"sim_2662"
4,45,5,"simulated",5,FALSE,"sim_2665"
4,18,3,"simulated",3,FALSE,"sim_2666"
3,22,3,"simulated",2,FALSE,"sim_2668"
5,37,8,"simulated",7,FALSE,"sim_2669"
3,21,3,"simulated",2,FALSE,"sim_2670"
5,44,9,"simulated",9,FALSE,"sim_2671"
7,41,12,"simulated",12,FALSE,"sim_2672"
4,35,3,"simulated",3,TRUE,"sim_2673"
3,31,2,"simulated",1,TRUE,"sim_2674"
4,34,4,"simulated",4,FALSE,"sim_2675"
3,12,2,"simulated",2,FALSE,"sim_2676"
3,18,1,"simulated",1,TRUE,"sim_2677"
5,50,8,"simulated",8,FALSE,"sim_2678"
4,39,6,"simulated",6,TRUE,"sim_2679"
4,54,12,"simulated",7,FALSE,"sim_2680"
9,75,26,"simulated",26,FALSE,"sim_2681"
4,26,7,"simulated",6,FALSE,"sim_2682"
4,34,3,"simulated",3,TRUE,"sim_2684"
3,16,2,"simulated",1,TRUE,"sim_2686"
3,15,2,"simulated",1,FALSE,"sim_2687"
4,39,6,"simulated",5,TRUE,"sim_2689"
4,20,4,"simulated",4,FALSE,"sim_2690"
8,63,23,"simulated",23,FALSE,"sim_2692"
4,29,3,"simulated",3,TRUE,"sim_2693"
3,15,3,"simulated",2,FALSE,"sim_2694"
3,19,1,"simulated",1,TRUE,"sim_2696"
4,23,3,"simulated",3,FALSE,"sim_2697"
3,12,1,"simulated",1,TRUE,"sim_2699"
3,6,1,"simulated",1,TRUE,"sim_2700"
5,48,10,"simulated",10,FALSE,"sim_2701"
3,14,1,"simulated",1,TRUE,"sim_2702"
3,8,1,"simulated",1,TRUE,"sim_2703"
4,21,4,"simulated",4,FALSE,"sim_2705"
6,63,16,"simulated",16,FALSE,"sim_2708"
5,49,9,"simulated",9,FALSE,"sim_2709"
3,13,1,"simulated",1,TRUE,"sim_2712"
3,25,1,"simulated",1,TRUE,"sim_2714"
4,33,2,"simulated",2,TRUE,"sim_2715"
4,22,6,"simulated",6,FALSE,"sim_2716"
3,17,2,"simulated",1,TRUE,"sim_2720"
4,26,6,"simulated",5,FALSE,"sim_2721"
6,65,12,"simulated",11,FALSE,"sim_2722"
3,30,2,"simulated",2,TRUE,"sim_2725"
10,71,29,"simulated",29,FALSE,"sim_2726"
3,35,2,"simulated",2,TRUE,"sim_2727"
4,27,3,"simulated",3,FALSE,"sim_2728"
3,29,2,"simulated",2,FALSE,"sim_2729"
3,14,1,"simulated",1,TRUE,"sim_2730"
4,41,6,"simulated",6,FALSE,"sim_2731"
5,43,11,"simulated",11,FALSE,"sim_2732"
4,32,8,"simulated",8,FALSE,"sim_2733"
3,12,1,"simulated",1,TRUE,"sim_2734"
9,79,26,"simulated",25,FALSE,"sim_2735"
3,17,1,"simulated",1,TRUE,"sim_2737"
3,24,1,"simulated",1,TRUE,"sim_2739"
3,15,3,"simulated",3,TRUE,"sim_2740"
3,10,1,"simulated",1,TRUE,"sim_2742"
4,43,6,"simulated",6,FALSE,"sim_2743"
3,17,1,"simulated",1,TRUE,"sim_2744"
6,63,15,"simulated",15,FALSE,"sim_2745"
5,40,7,"simulated",7,FALSE,"sim_2746"
5,56,12,"simulated",12,FALSE,"sim_2747"
6,44,16,"simulated",16,FALSE,"sim_2748"
13,76,35,"simulated",35,FALSE,"sim_2750"
3,19,2,"simulated",2,TRUE,"sim_2751"
3,12,2,"simulated",2,TRUE,"sim_2752"
3,16,1,"simulated",1,TRUE,"sim_2753"
3,28,2,"simulated",1,TRUE,"sim_2754"
3,11,1,"simulated",1,TRUE,"sim_2755"
9,63,24,"simulated",24,FALSE,"sim_2756"
3,18,1,"simulated",1,TRUE,"sim_2758"
4,28,4,"simulated",4,FALSE,"sim_2759"
3,22,1,"simulated",1,TRUE,"sim_2761"
3,17,1,"simulated",1,TRUE,"sim_2762"
34,139,101,"simulated",101,FALSE,"sim_2764"
3,30,1,"simulated",1,TRUE,"sim_2769"
5,35,8,"simulated",8,FALSE,"sim_2770"
3,5,1,"simulated",1,TRUE,"sim_2771"
6,59,17,"simulated",17,FALSE,"sim_2774"
5,30,7,"simulated",7,FALSE,"sim_2775"
4,37,7,"simulated",6,FALSE,"sim_2778"
3,29,3,"simulated",1,TRUE,"sim_2779"
3,23,3,"simulated",2,TRUE,"sim_2780"
3,20,3,"simulated",3,FALSE,"sim_2781"
4,17,3,"simulated",3,FALSE,"sim_2782"
4,25,3,"simulated",2,FALSE,"sim_2784"
6,30,8,"simulated",8,FALSE,"sim_2785"
3,21,1,"simulated",1,TRUE,"sim_2789"
3,31,3,"simulated",2,TRUE,"sim_2790"
4,24,4,"simulated",4,FALSE,"sim_2791"
3,18,2,"simulated",2,FALSE,"sim_2792"
3,11,1,"simulated",1,TRUE,"sim_2795"
9,66,22,"simulated",22,FALSE,"sim_2797"
4,48,8,"simulated",6,FALSE,"sim_2798"
5,46,7,"simulated",7,FALSE,"sim_2799"
4,33,6,"simulated",5,FALSE,"sim_2800"
3,31,2,"simulated",1,TRUE,"sim_2802"
5,37,9,"simulated",8,FALSE,"sim_2803"
5,35,7,"simulated",7,TRUE,"sim_2804"
3,21,3,"simulated",3,TRUE,"sim_2806"
3,17,1,"simulated",1,TRUE,"sim_2808"
3,21,1,"simulated",1,TRUE,"sim_2810"
9,79,24,"simulated",24,FALSE,"sim_2811"
16,96,38,"simulated",38,FALSE,"sim_2812"
3,11,1,"simulated",1,TRUE,"sim_2813"
7,59,13,"simulated",13,FALSE,"sim_2816"
14,86,36,"simulated",35,FALSE,"sim_2817"
4,36,5,"simulated",5,FALSE,"sim_2820"
8,50,17,"simulated",17,FALSE,"sim_2821"
9,69,17,"simulated",16,FALSE,"sim_2822"
3,22,1,"simulated",1,TRUE,"sim_2823"
4,13,3,"simulated",3,TRUE,"sim_2824"
5,33,7,"simulated",7,FALSE,"sim_2827"
3,17,1,"simulated",1,TRUE,"sim_2829"
18,93,55,"simulated",55,FALSE,"sim_2830"
5,69,11,"simulated",11,FALSE,"sim_2831"
5,31,5,"simulated",5,FALSE,"sim_2832"
3,30,4,"simulated",2,TRUE,"sim_2833"
8,73,22,"simulated",22,FALSE,"sim_2835"
3,15,1,"simulated",1,TRUE,"sim_2837"
24,128,64,"simulated",64,FALSE,"sim_2838"
7,60,14,"simulated",14,FALSE,"sim_2839"
3,13,1,"simulated",1,TRUE,"sim_2840"
3,12,1,"simulated",1,TRUE,"sim_2841"
3,28,2,"simulated",2,TRUE,"sim_2842"
4,33,7,"simulated",7,FALSE,"sim_2843"
3,15,1,"simulated",1,TRUE,"sim_2845"
34,131,96,"simulated",96,FALSE,"sim_2846"
3,32,2,"simulated",2,TRUE,"sim_2847"
3,22,2,"simulated",2,TRUE,"sim_2848"
5,43,10,"simulated",9,FALSE,"sim_2850"
3,26,1,"simulated",1,TRUE,"sim_2851"
4,32,3,"simulated",3,TRUE,"sim_2852"
7,50,11,"simulated",11,FALSE,"sim_2853"
3,11,1,"simulated",1,TRUE,"sim_2855"
4,31,6,"simulated",6,FALSE,"sim_2856"
6,45,8,"simulated",7,FALSE,"sim_2857"
3,18,1,"simulated",1,TRUE,"sim_2860"
3,27,3,"simulated",3,TRUE,"sim_2861"
3,22,2,"simulated",2,FALSE,"sim_2862"
5,42,8,"simulated",8,FALSE,"sim_2863"
3,27,2,"simulated",2,TRUE,"sim_2864"
3,16,2,"simulated",1,TRUE,"sim_2865"
3,12,1,"simulated",1,TRUE,"sim_2867"
3,19,2,"simulated",2,TRUE,"sim_2868"
13,96,33,"simulated",33,FALSE,"sim_2869"
3,6,1,"simulated",1,TRUE,"sim_2871"
5,37,6,"simulated",6,FALSE,"sim_2873"
8,67,15,"simulated",15,FALSE,"sim_2874"
6,60,16,"simulated",16,FALSE,"sim_2876"
3,18,1,"simulated",1,TRUE,"sim_2877"
11,84,30,"simulated",30,FALSE,"sim_2880"
6,23,12,"simulated",12,FALSE,"sim_2882"
4,30,5,"simulated",5,FALSE,"sim_2883"
3,12,1,"simulated",1,TRUE,"sim_2885"
4,44,4,"simulated",3,TRUE,"sim_2887"
4,28,5,"simulated",5,FALSE,"sim_2888"
11,56,28,"simulated",28,FALSE,"sim_2890"
4,37,4,"simulated",4,TRUE,"sim_2891"
8,68,18,"simulated",18,FALSE,"sim_2893"
3,28,3,"simulated",3,TRUE,"sim_2894"
11,79,26,"simulated",26,FALSE,"sim_2895"
4,29,4,"simulated",4,TRUE,"sim_2897"
3,32,1,"simulated",1,TRUE,"sim_2898"
9,75,26,"simulated",26,FALSE,"sim_2901"
3,15,1,"simulated",1,TRUE,"sim_2902"
3,10,1,"simulated",1,TRUE,"sim_2903"
4,48,6,"simulated",4,FALSE,"sim_2904"
3,31,1,"simulated",1,TRUE,"sim_2905"
3,29,1,"simulated",1,TRUE,"sim_2906"
4,37,4,"simulated",4,FALSE,"sim_2907"
15,97,37,"simulated",37,FALSE,"sim_2908"
10,63,21,"simulated",21,FALSE,"sim_2909"
14,85,37,"simulated",37,FALSE,"sim_2910"
6,54,10,"simulated",10,FALSE,"sim_2911"
3,25,3,"simulated",3,FALSE,"sim_2913"
3,26,1,"simulated",1,TRUE,"sim_2915"
7,64,21,"simulated",19,FALSE,"sim_2916"
4,34,5,"simulated",4,FALSE,"sim_2917"
4,39,4,"simulated",4,TRUE,"sim_2918"
3,16,2,"simulated",1,FALSE,"sim_2919"
5,44,10,"simulated",9,FALSE,"sim_2920"
4,46,7,"simulated",7,TRUE,"sim_2925"
4,31,5,"simulated",3,TRUE,"sim_2926"
35,147,91,"simulated",91,FALSE,"sim_2927"
3,11,2,"simulated",2,FALSE,"sim_2929"
3,31,4,"simulated",3,TRUE,"sim_2930"
20,107,53,"simulated",53,FALSE,"sim_2931"
4,42,4,"simulated",3,TRUE,"sim_2935"
12,91,28,"simulated",28,FALSE,"sim_2936"
4,37,3,"simulated",3,TRUE,"sim_2939"
21,117,53,"simulated",53,FALSE,"sim_2940"
3,19,1,"simulated",1,TRUE,"sim_2941"
4,33,8,"simulated",7,FALSE,"sim_2943"
4,34,5,"simulated",5,FALSE,"sim_2944"
8,49,13,"simulated",13,FALSE,"sim_2945"
3,13,1,"simulated",1,TRUE,"sim_2946"
7,58,15,"simulated",15,FALSE,"sim_2947"
3,22,1,"simulated",1,TRUE,"sim_2949"
3,11,1,"simulated",1,TRUE,"sim_2953"
3,17,1,"simulated",1,TRUE,"sim_2954"
3,25,2,"simulated",2,TRUE,"sim_2955"
3,8,1,"simulated",1,TRUE,"sim_2958"
3,10,1,"simulated",1,TRUE,"sim_2959"
3,27,2,"simulated",2,TRUE,"sim_2960"
5,48,11,"simulated",10,FALSE,"sim_2963"
5,37,6,"simulated",6,FALSE,"sim_2964"
3,17,2,"simulated",1,TRUE,"sim_2965"
5,32,7,"simulated",7,FALSE,"sim_2966"
3,28,2,"simulated",2,TRUE,"sim_2968"
3,10,1,"simulated",1,TRUE,"sim_2970"
4,36,4,"simulated",4,FALSE,"sim_2971"
5,57,9,"simulated",9,FALSE,"sim_2972"
3,29,2,"simulated",2,FALSE,"sim_2974"
3,11,1,"simulated",1,TRUE,"sim_2975"
8,70,17,"simulated",17,FALSE,"sim_2977"
3,18,3,"simulated",2,TRUE,"sim_2978"
10,90,28,"simulated",28,FALSE,"sim_2979"
3,18,4,"simulated",3,FALSE,"sim_2980"
14,79,35,"simulated",35,FALSE,"sim_2982"
4,32,7,"simulated",7,TRUE,"sim_2984"
3,24,4,"simulated",3,TRUE,"sim_2985"
4,30,4,"simulated",4,FALSE,"sim_2987"
4,32,5,"simulated",5,TRUE,"sim_2988"
7,60,16,"simulated",16,FALSE,"sim_2990"
4,31,7,"simulated",7,FALSE,"sim_2991"
3,19,2,"simulated",1,TRUE,"sim_2992"
5,50,13,"simulated",13,FALSE,"sim_2994"
4,29,3,"simulated",3,TRUE,"sim_2996"
5,57,12,"simulated",12,FALSE,"sim_2997"
4,47,5,"simulated",4,FALSE,"sim_2998"
3,14,1,"simulated",1,TRUE,"sim_3000"
3,27,1,"simulated",1,TRUE,"sim_3001"
3,35,5,"simulated",4,TRUE,"sim_3002"
4,25,3,"simulated",3,TRUE,"sim_3003"
3,19,2,"simulated",2,FALSE,"sim_3005"
3,32,4,"simulated",4,TRUE,"sim_3006"
14,86,36,"simulated",36,FALSE,"sim_3007"
15,105,47,"simulated",47,FALSE,"sim_3009"
22,118,65,"simulated",65,FALSE,"sim_3010"
18,118,52,"simulated",52,FALSE,"sim_3012"
5,47,12,"simulated",12,FALSE,"sim_3013"
4,52,8,"simulated",7,FALSE,"sim_3016"
4,32,3,"simulated",3,TRUE,"sim_3017"
3,10,1,"simulated",1,TRUE,"sim_3018"
3,31,3,"simulated",2,FALSE,"sim_3020"
3,26,2,"simulated",1,TRUE,"sim_3021"
3,30,2,"simulated",2,TRUE,"sim_3022"
6,55,13,"simulated",13,FALSE,"sim_3023"
3,21,2,"simulated",2,TRUE,"sim_3024"
16,95,38,"simulated",38,FALSE,"sim_3025"
4,44,6,"simulated",6,FALSE,"sim_3026"
3,22,1,"simulated",1,TRUE,"sim_3028"
8,89,20,"simulated",20,FALSE,"sim_3029"
15,83,42,"simulated",42,FALSE,"sim_3030"
4,40,6,"simulated",6,FALSE,"sim_3033"
104,329,275,"simulated",275,FALSE,"sim_3034"
6,68,16,"simulated",16,FALSE,"sim_3036"
3,17,1,"simulated",1,TRUE,"sim_3037"
3,9,1,"simulated",1,TRUE,"sim_3038"
3,22,1,"simulated",1,TRUE,"sim_3039"
5,52,6,"simulated",5,FALSE,"sim_3041"
4,18,4,"simulated",4,FALSE,"sim_3042"
3,24,1,"simulated",1,TRUE,"sim_3043"
5,43,7,"simulated",7,FALSE,"sim_3044"
4,50,4,"simulated",4,FALSE,"sim_3045"
3,15,2,"simulated",2,FALSE,"sim_3047"
4,45,9,"simulated",8,TRUE,"sim_3050"
3,12,1,"simulated",1,TRUE,"sim_3051"
3,25,1,"simulated",1,TRUE,"sim_3052"
3,18,1,"simulated",1,TRUE,"sim_3053"
5,51,9,"simulated",9,TRUE,"sim_3054"
3,26,3,"simulated",3,FALSE,"sim_3055"
7,69,20,"simulated",20,FALSE,"sim_3057"
14,89,34,"simulated",34,FALSE,"sim_3058"
10,83,25,"simulated",24,FALSE,"sim_3059"
3,9,1,"simulated",1,TRUE,"sim_3060"
13,110,31,"simulated",31,FALSE,"sim_3061"
4,21,2,"simulated",2,TRUE,"sim_3062"
5,37,8,"simulated",8,FALSE,"sim_3063"
49,201,128,"simulated",128,FALSE,"sim_3064"
3,8,1,"simulated",1,TRUE,"sim_3065"
4,28,5,"simulated",5,FALSE,"sim_3068"
19,117,50,"simulated",50,FALSE,"sim_3070"
3,24,2,"simulated",1,TRUE,"sim_3071"
6,42,10,"simulated",10,FALSE,"sim_3072"
3,13,2,"simulated",1,TRUE,"sim_3073"
3,16,1,"simulated",1,TRUE,"sim_3074"
3,19,1,"simulated",1,TRUE,"sim_3075"
3,18,1,"simulated",1,TRUE,"sim_3076"
41,182,104,"simulated",104,FALSE,"sim_3077"
3,21,2,"simulated",2,FALSE,"sim_3078"
4,39,5,"simulated",4,FALSE,"sim_3079"
4,16,2,"simulated",2,TRUE,"sim_3080"
3,21,2,"simulated",2,TRUE,"sim_3081"
4,33,5,"simulated",5,FALSE,"sim_3082"
8,63,20,"simulated",20,FALSE,"sim_3085"
3,18,2,"simulated",1,FALSE,"sim_3087"
3,15,2,"simulated",2,TRUE,"sim_3088"
3,18,1,"simulated",1,TRUE,"sim_3090"
91,340,242,"simulated",242,FALSE,"sim_3092"
365,892,955,"simulated",955,FALSE,"sim_3093"
3,20,1,"simulated",1,TRUE,"sim_3095"
24,147,63,"simulated",63,FALSE,"sim_3096"
8,70,13,"simulated",13,FALSE,"sim_3097"
3,17,3,"simulated",3,TRUE,"sim_3098"
4,30,6,"simulated",6,TRUE,"sim_3099"
3,9,1,"simulated",1,TRUE,"sim_3100"
7,53,18,"simulated",18,FALSE,"sim_3101"
3,16,2,"simulated",2,TRUE,"sim_3102"
3,21,1,"simulated",1,TRUE,"sim_3104"
3,16,1,"simulated",1,TRUE,"sim_3105"
3,32,1,"simulated",1,TRUE,"sim_3107"
3,35,1,"simulated",1,TRUE,"sim_3108"
3,25,5,"simulated",5,FALSE,"sim_3109"
3,23,2,"simulated",2,TRUE,"sim_3111"
4,28,4,"simulated",4,FALSE,"sim_3112"
3,21,1,"simulated",1,TRUE,"sim_3113"
13,81,33,"simulated",33,FALSE,"sim_3114"
7,65,20,"simulated",20,FALSE,"sim_3116"
3,17,2,"simulated",2,TRUE,"sim_3117"
29,153,72,"simulated",72,FALSE,"sim_3119"
37,209,112,"simulated",112,FALSE,"sim_3120"
4,31,4,"simulated",4,FALSE,"sim_3121"
26,150,74,"simulated",74,FALSE,"sim_3122"
3,26,2,"simulated",2,TRUE,"sim_3123"
5,56,9,"simulated",9,FALSE,"sim_3124"
3,21,1,"simulated",1,TRUE,"sim_3126"
6,50,10,"simulated",10,FALSE,"sim_3127"
5,37,6,"simulated",6,FALSE,"sim_3128"
4,31,4,"simulated",3,TRUE,"sim_3129"
4,24,3,"simulated",3,TRUE,"sim_3130"
8,60,17,"simulated",17,FALSE,"sim_3132"
5,40,10,"simulated",10,FALSE,"sim_3134"
3,7,1,"simulated",1,TRUE,"sim_3135"
4,33,4,"simulated",3,TRUE,"sim_3136"
3,17,2,"simulated",2,TRUE,"sim_3137"
5,47,9,"simulated",9,FALSE,"sim_3139"
3,20,1,"simulated",1,TRUE,"sim_3140"
4,25,5,"simulated",5,FALSE,"sim_3141"
3,18,1,"simulated",1,TRUE,"sim_3144"
3,12,1,"simulated",1,TRUE,"sim_3146"
4,53,8,"simulated",8,FALSE,"sim_3147"
5,49,12,"simulated",12,FALSE,"sim_3148"
5,33,7,"simulated",7,FALSE,"sim_3150"
3,6,1,"simulated",1,TRUE,"sim_3151"
3,20,1,"simulated",1,TRUE,"sim_3152"
3,24,6,"simulated",3,FALSE,"sim_3153"
4,32,6,"simulated",5,FALSE,"sim_3154"
4,24,6,"simulated",5,FALSE,"sim_3155"
4,25,4,"simulated",4,FALSE,"sim_3157"
6,53,12,"simulated",12,FALSE,"sim_3158"
3,19,1,"simulated",1,TRUE,"sim_3159"
3,8,1,"simulated",1,TRUE,"sim_3160"
3,14,1,"simulated",1,TRUE,"sim_3161"
3,34,1,"simulated",1,TRUE,"sim_3162"
7,49,15,"simulated",14,FALSE,"sim_3163"
7,62,15,"simulated",15,FALSE,"sim_3164"
3,6,1,"simulated",1,TRUE,"sim_3166"
3,17,1,"simulated",1,TRUE,"sim_3167"
4,27,5,"simulated",5,FALSE,"sim_3168"
3,16,2,"simulated",2,FALSE,"sim_3170"
3,7,1,"simulated",1,TRUE,"sim_3171"
3,17,1,"simulated",1,TRUE,"sim_3173"
4,22,4,"simulated",4,TRUE,"sim_3174"
4,25,5,"simulated",5,FALSE,"sim_3176"
3,15,2,"simulated",2,FALSE,"sim_3178"
4,32,3,"simulated",3,TRUE,"sim_3179"
4,30,4,"simulated",4,TRUE,"sim_3180"
5,38,6,"simulated",6,FALSE,"sim_3183"
3,24,2,"simulated",2,FALSE,"sim_3186"
21,125,58,"simulated",58,FALSE,"sim_3187"
3,11,1,"simulated",1,TRUE,"sim_3188"
4,25,6,"simulated",5,FALSE,"sim_3190"
3,41,3,"simulated",2,TRUE,"sim_3191"
4,46,4,"simulated",3,TRUE,"sim_3192"
4,45,8,"simulated",6,FALSE,"sim_3194"
6,48,11,"simulated",10,FALSE,"sim_3196"
6,48,14,"simulated",14,FALSE,"sim_3200"
3,11,1,"simulated",1,TRUE,"sim_3201"
3,19,2,"simulated",1,TRUE,"sim_3203"
5,48,11,"simulated",10,FALSE,"sim_3204"
3,19,3,"simulated",3,FALSE,"sim_3205"
3,7,1,"simulated",1,TRUE,"sim_3206"
4,34,5,"simulated",5,TRUE,"sim_3207"
3,16,2,"simulated",1,FALSE,"sim_3209"
3,23,1,"simulated",1,TRUE,"sim_3210"
7,60,14,"simulated",14,FALSE,"sim_3211"
4,20,4,"simulated",4,FALSE,"sim_3214"
4,21,3,"simulated",3,FALSE,"sim_3215"
3,23,1,"simulated",1,TRUE,"sim_3216"
5,60,9,"simulated",9,FALSE,"sim_3217"
3,15,2,"simulated",2,TRUE,"sim_3219"
3,30,2,"simulated",1,TRUE,"sim_3220"
7,59,14,"simulated",14,FALSE,"sim_3221"
8,49,14,"simulated",14,FALSE,"sim_3223"
5,42,13,"simulated",12,FALSE,"sim_3224"
5,51,8,"simulated",8,FALSE,"sim_3226"
4,39,8,"simulated",7,FALSE,"sim_3227"
3,35,2,"simulated",2,TRUE,"sim_3228"
5,63,11,"simulated",11,FALSE,"sim_3229"
3,32,5,"simulated",5,FALSE,"sim_3230"
3,35,1,"simulated",1,TRUE,"sim_3232"
4,42,6,"simulated",5,TRUE,"sim_3233"
5,49,7,"simulated",6,FALSE,"sim_3234"
5,60,9,"simulated",9,TRUE,"sim_3235"
6,43,10,"simulated",10,FALSE,"sim_3237"
4,43,4,"simulated",4,FALSE,"sim_3238"
8,43,14,"simulated",14,FALSE,"sim_3240"
6,63,14,"simulated",14,FALSE,"sim_3241"
6,38,9,"simulated",9,FALSE,"sim_3242"
3,10,1,"simulated",1,TRUE,"sim_3244"
3,7,1,"simulated",1,TRUE,"sim_3245"
5,40,7,"simulated",7,TRUE,"sim_3247"
3,24,2,"simulated",1,FALSE,"sim_3248"
3,5,1,"simulated",1,TRUE,"sim_3250"
5,21,6,"simulated",6,FALSE,"sim_3251"
3,23,1,"simulated",1,TRUE,"sim_3252"
6,58,17,"simulated",15,FALSE,"sim_3254"
4,45,3,"simulated",3,TRUE,"sim_3255"
4,45,6,"simulated",6,FALSE,"sim_3257"
3,26,2,"simulated",1,TRUE,"sim_3258"
4,34,5,"simulated",5,TRUE,"sim_3259"
10,77,23,"simulated",23,FALSE,"sim_3260"
3,31,2,"simulated",2,TRUE,"sim_3265"
8,64,17,"simulated",17,FALSE,"sim_3266"
10,81,24,"simulated",24,FALSE,"sim_3267"
4,33,3,"simulated",3,TRUE,"sim_3269"
5,38,5,"simulated",5,TRUE,"sim_3271"
4,43,10,"simulated",10,FALSE,"sim_3273"
4,26,5,"simulated",5,FALSE,"sim_3275"
3,22,3,"simulated",1,FALSE,"sim_3277"
3,53,3,"simulated",3,TRUE,"sim_3281"
6,68,14,"simulated",13,FALSE,"sim_3282"
3,11,3,"simulated",3,FALSE,"sim_3283"
3,31,1,"simulated",1,TRUE,"sim_3284"
7,70,20,"simulated",20,FALSE,"sim_3285"
4,38,4,"simulated",4,FALSE,"sim_3286"
5,67,13,"simulated",12,FALSE,"sim_3287"
4,36,6,"simulated",3,FALSE,"sim_3288"
8,67,17,"simulated",17,FALSE,"sim_3289"
3,28,3,"simulated",2,TRUE,"sim_3290"
4,43,9,"simulated",8,FALSE,"sim_3295"
5,57,12,"simulated",11,FALSE,"sim_3296"
3,21,1,"simulated",1,TRUE,"sim_3298"
8,75,21,"simulated",21,FALSE,"sim_3299"
3,32,2,"simulated",2,FALSE,"sim_3300"
3,18,1,"simulated",1,TRUE,"sim_3301"
16,105,47,"simulated",47,FALSE,"sim_3302"
3,18,1,"simulated",1,TRUE,"sim_3303"
4,59,7,"simulated",7,TRUE,"sim_3304"
9,59,21,"simulated",21,FALSE,"sim_3305"
3,27,2,"simulated",1,TRUE,"sim_3306"
4,43,7,"simulated",6,FALSE,"sim_3307"
3,17,1,"simulated",1,TRUE,"sim_3309"
3,19,2,"simulated",1,TRUE,"sim_3310"
7,56,14,"simulated",14,FALSE,"sim_3311"
3,25,5,"simulated",3,TRUE,"sim_3313"
4,15,4,"simulated",4,TRUE,"sim_3314"
5,46,7,"simulated",6,FALSE,"sim_3315"
6,36,11,"simulated",11,FALSE,"sim_3316"
5,60,12,"simulated",11,FALSE,"sim_3317"
3,23,1,"simulated",1,TRUE,"sim_3318"
3,24,2,"simulated",2,FALSE,"sim_3320"
3,33,3,"simulated",3,FALSE,"sim_3322"
3,19,1,"simulated",1,TRUE,"sim_3323"
3,10,2,"simulated",2,FALSE,"sim_3324"
3,29,1,"simulated",1,TRUE,"sim_3325"
3,7,1,"simulated",1,TRUE,"sim_3326"
3,18,2,"simulated",1,TRUE,"sim_3327"
4,50,5,"simulated",5,FALSE,"sim_3328"
4,38,6,"simulated",5,TRUE,"sim_3329"
4,41,7,"simulated",4,FALSE,"sim_3330"
4,36,5,"simulated",5,FALSE,"sim_3332"
3,24,2,"simulated",2,TRUE,"sim_3334"
7,66,15,"simulated",15,FALSE,"sim_3336"
10,68,23,"simulated",23,FALSE,"sim_3337"
3,23,2,"simulated",2,TRUE,"sim_3338"
3,8,2,"simulated",2,FALSE,"sim_3341"
6,55,10,"simulated",10,TRUE,"sim_3342"
4,34,5,"simulated",5,FALSE,"sim_3343"
9,98,18,"simulated",18,FALSE,"sim_3344"
4,19,3,"simulated",3,FALSE,"sim_3347"
3,34,5,"simulated",5,FALSE,"sim_3348"
4,40,4,"simulated",4,TRUE,"sim_3349"
4,37,6,"simulated",6,FALSE,"sim_3350"
6,44,14,"simulated",14,FALSE,"sim_3351"
5,39,9,"simulated",9,FALSE,"sim_3352"
3,25,2,"simulated",2,TRUE,"sim_3353"
6,63,15,"simulated",15,FALSE,"sim_3354"
5,48,6,"simulated",4,TRUE,"sim_3355"
21,126,56,"simulated",55,FALSE,"sim_3357"
10,72,27,"simulated",27,FALSE,"sim_3358"
3,25,1,"simulated",1,TRUE,"sim_3361"
6,70,14,"simulated",14,FALSE,"sim_3362"
13,110,32,"simulated",32,FALSE,"sim_3363"
4,25,5,"simulated",5,FALSE,"sim_3364"
4,48,4,"simulated",3,TRUE,"sim_3365"
5,31,7,"simulated",7,FALSE,"sim_3368"
5,39,9,"simulated",9,FALSE,"sim_3369"
3,23,4,"simulated",3,FALSE,"sim_3370"
4,28,3,"simulated",3,TRUE,"sim_3371"
3,8,1,"simulated",1,TRUE,"sim_3373"
5,59,11,"simulated",10,FALSE,"sim_3374"
4,37,5,"simulated",3,FALSE,"sim_3375"
4,50,7,"simulated",7,FALSE,"sim_3376"
4,36,5,"simulated",5,TRUE,"sim_3379"
4,44,7,"simulated",7,FALSE,"sim_3381"
8,75,23,"simulated",23,FALSE,"sim_3382"
5,36,6,"simulated",6,FALSE,"sim_3384"
3,15,1,"simulated",1,TRUE,"sim_3385"
5,26,8,"simulated",8,FALSE,"sim_3386"
5,29,6,"simulated",6,FALSE,"sim_3387"
8,53,19,"simulated",18,FALSE,"sim_3388"
6,31,11,"simulated",10,FALSE,"sim_3389"
3,17,2,"simulated",2,FALSE,"sim_3390"
4,24,3,"simulated",3,FALSE,"sim_3391"
7,60,19,"simulated",18,FALSE,"sim_3392"
3,15,1,"simulated",1,TRUE,"sim_3393"
9,68,19,"simulated",19,FALSE,"sim_3395"
4,30,2,"simulated",2,TRUE,"sim_3397"
6,55,12,"simulated",12,FALSE,"sim_3398"
4,18,3,"simulated",3,TRUE,"sim_3399"
5,51,8,"simulated",8,FALSE,"sim_3400"
3,9,1,"simulated",1,TRUE,"sim_3402"
3,18,1,"simulated",1,TRUE,"sim_3403"
4,44,5,"simulated",2,TRUE,"sim_3404"
9,85,24,"simulated",23,FALSE,"sim_3406"
4,35,6,"simulated",6,FALSE,"sim_3407"
5,47,12,"simulated",11,FALSE,"sim_3409"
4,36,5,"simulated",5,TRUE,"sim_3411"
5,51,7,"simulated",7,FALSE,"sim_3414"
9,80,24,"simulated",24,FALSE,"sim_3415"
3,36,3,"simulated",3,TRUE,"sim_3416"
6,36,10,"simulated",10,FALSE,"sim_3417"
7,77,17,"simulated",17,FALSE,"sim_3418"
5,41,7,"simulated",7,TRUE,"sim_3420"
3,33,4,"simulated",3,TRUE,"sim_3421"
8,81,20,"simulated",20,FALSE,"sim_3422"
5,67,10,"simulated",9,FALSE,"sim_3423"
3,22,1,"simulated",1,TRUE,"sim_3425"
3,16,1,"simulated",1,TRUE,"sim_3426"
8,76,25,"simulated",24,FALSE,"sim_3428"
3,19,1,"simulated",1,TRUE,"sim_3430"
5,44,11,"simulated",11,FALSE,"sim_3432"
3,11,1,"simulated",1,TRUE,"sim_3433"
3,19,3,"simulated",3,TRUE,"sim_3434"
3,8,1,"simulated",1,TRUE,"sim_3439"
10,83,26,"simulated",26,FALSE,"sim_3440"
5,34,8,"simulated",6,FALSE,"sim_3443"
3,16,1,"simulated",1,TRUE,"sim_3444"
7,77,19,"simulated",18,FALSE,"sim_3445"
3,16,1,"simulated",1,TRUE,"sim_3447"
3,22,1,"simulated",1,TRUE,"sim_3448"
4,31,4,"simulated",4,TRUE,"sim_3449"
13,103,32,"simulated",32,FALSE,"sim_3450"
3,13,1,"simulated",1,TRUE,"sim_3451"
3,12,2,"simulated",2,TRUE,"sim_3452"
5,55,9,"simulated",8,FALSE,"sim_3453"
4,36,7,"simulated",7,TRUE,"sim_3456"
4,34,2,"simulated",2,TRUE,"sim_3457"
6,64,17,"simulated",16,FALSE,"sim_3458"
4,26,3,"simulated",3,FALSE,"sim_3460"
12,77,33,"simulated",32,FALSE,"sim_3461"
4,30,4,"simulated",4,TRUE,"sim_3463"
4,37,5,"simulated",5,TRUE,"sim_3464"
4,35,6,"simulated",4,FALSE,"sim_3465"
8,66,17,"simulated",17,FALSE,"sim_3468"
3,33,1,"simulated",1,TRUE,"sim_3470"
33,166,85,"simulated",85,FALSE,"sim_3471"
4,40,4,"simulated",4,FALSE,"sim_3472"
5,43,9,"simulated",9,FALSE,"sim_3473"
4,40,5,"simulated",5,TRUE,"sim_3474"
10,95,25,"simulated",25,FALSE,"sim_3476"
5,50,9,"simulated",9,FALSE,"sim_3478"
4,41,6,"simulated",6,TRUE,"sim_3480"
4,19,3,"simulated",3,FALSE,"sim_3482"
3,30,3,"simulated",3,FALSE,"sim_3485"
3,15,1,"simulated",1,TRUE,"sim_3486"
3,31,2,"simulated",1,TRUE,"sim_3489"
3,11,1,"simulated",1,TRUE,"sim_3490"
3,24,3,"simulated",1,TRUE,"sim_3491"
5,38,11,"simulated",11,FALSE,"sim_3494"
4,21,3,"simulated",3,FALSE,"sim_3496"
3,24,3,"simulated",1,FALSE,"sim_3498"
4,36,5,"simulated",5,FALSE,"sim_3499"
7,75,17,"simulated",16,FALSE,"sim_3501"
4,31,5,"simulated",4,FALSE,"sim_3502"
3,12,1,"simulated",1,TRUE,"sim_3504"
3,24,2,"simulated",1,TRUE,"sim_3505"
5,55,11,"simulated",11,TRUE,"sim_3506"
4,57,6,"simulated",6,TRUE,"sim_3507"
8,76,18,"simulated",18,FALSE,"sim_3508"
4,25,5,"simulated",3,FALSE,"sim_3509"
3,29,1,"simulated",1,TRUE,"sim_3512"
16,88,36,"simulated",36,FALSE,"sim_3513"
7,56,18,"simulated",18,FALSE,"sim_3515"
4,29,3,"simulated",3,FALSE,"sim_3516"
3,21,1,"simulated",1,TRUE,"sim_3517"
6,53,9,"simulated",9,TRUE,"sim_3518"
5,55,7,"simulated",7,FALSE,"sim_3519"
4,23,5,"simulated",4,FALSE,"sim_3520"
3,16,3,"simulated",1,TRUE,"sim_3522"
3,23,4,"simulated",4,FALSE,"sim_3523"
3,29,4,"simulated",3,TRUE,"sim_3524"
6,60,10,"simulated",10,FALSE,"sim_3525"
8,78,20,"simulated",20,FALSE,"sim_3526"
3,46,2,"simulated",2,TRUE,"sim_3528"
15,112,42,"simulated",41,FALSE,"sim_3529"
4,23,5,"simulated",5,FALSE,"sim_3530"
3,42,3,"simulated",1,TRUE,"sim_3531"
3,23,2,"simulated",2,FALSE,"sim_3532"
4,23,4,"simulated",4,TRUE,"sim_3533"
10,103,26,"simulated",26,FALSE,"sim_3534"
3,17,2,"simulated",2,TRUE,"sim_3535"
4,39,5,"simulated",5,FALSE,"sim_3538"
4,27,3,"simulated",3,TRUE,"sim_3543"
4,39,3,"simulated",3,TRUE,"sim_3544"
9,90,25,"simulated",25,FALSE,"sim_3545"
10,86,22,"simulated",22,FALSE,"sim_3547"
4,30,3,"simulated",3,TRUE,"sim_3548"
3,21,2,"simulated",1,TRUE,"sim_3549"
4,36,5,"simulated",4,TRUE,"sim_3550"
3,9,1,"simulated",1,TRUE,"sim_3551"
4,39,4,"simulated",4,TRUE,"sim_3552"
4,44,10,"simulated",10,FALSE,"sim_3554"
10,68,26,"simulated",25,FALSE,"sim_3555"
3,23,1,"simulated",1,TRUE,"sim_3556"
3,14,2,"simulated",1,TRUE,"sim_3560"
4,40,7,"simulated",5,TRUE,"sim_3561"
3,16,2,"simulated",1,TRUE,"sim_3562"
4,64,8,"simulated",8,FALSE,"sim_3563"
18,140,62,"simulated",62,FALSE,"sim_3564"
3,22,1,"simulated",1,TRUE,"sim_3565"
8,83,24,"simulated",23,FALSE,"sim_3566"
4,44,3,"simulated",3,TRUE,"sim_3567"
5,54,11,"simulated",11,FALSE,"sim_3569"
4,74,10,"simulated",9,TRUE,"sim_3570"
4,32,3,"simulated",3,FALSE,"sim_3571"
4,45,5,"simulated",4,FALSE,"sim_3572"
4,15,3,"simulated",3,FALSE,"sim_3573"
3,15,1,"simulated",1,TRUE,"sim_3574"
5,54,9,"simulated",9,FALSE,"sim_3575"
17,106,44,"simulated",44,FALSE,"sim_3577"
8,78,16,"simulated",16,FALSE,"sim_3579"
3,16,1,"simulated",1,TRUE,"sim_3580"
9,68,21,"simulated",21,FALSE,"sim_3581"
7,73,15,"simulated",14,FALSE,"sim_3582"
13,100,37,"simulated",37,FALSE,"sim_3583"
3,20,1,"simulated",1,TRUE,"sim_3585"
3,20,1,"simulated",1,TRUE,"sim_3586"
30,152,81,"simulated",81,FALSE,"sim_3591"
5,51,10,"simulated",10,FALSE,"sim_3592"
3,17,2,"simulated",2,TRUE,"sim_3593"
3,12,2,"simulated",1,FALSE,"sim_3594"
3,22,2,"simulated",2,TRUE,"sim_3595"
3,21,1,"simulated",1,TRUE,"sim_3598"
14,109,39,"simulated",39,FALSE,"sim_3600"
4,51,7,"simulated",7,FALSE,"sim_3602"
3,25,1,"simulated",1,TRUE,"sim_3603"
4,48,4,"simulated",4,FALSE,"sim_3604"
4,20,3,"simulated",3,FALSE,"sim_3605"
3,33,1,"simulated",1,TRUE,"sim_3606"
4,30,4,"simulated",3,TRUE,"sim_3607"
3,29,3,"simulated",2,FALSE,"sim_3608"
3,17,2,"simulated",1,TRUE,"sim_3610"
5,40,9,"simulated",9,FALSE,"sim_3611"
4,28,4,"simulated",2,FALSE,"sim_3613"
5,57,12,"simulated",11,FALSE,"sim_3614"
3,33,1,"simulated",1,TRUE,"sim_3615"
3,21,1,"simulated",1,TRUE,"sim_3616"
3,28,4,"simulated",3,TRUE,"sim_3618"
5,67,8,"simulated",8,TRUE,"sim_3619"
4,36,3,"simulated",3,TRUE,"sim_3621"
6,48,10,"simulated",10,FALSE,"sim_3622"
4,33,3,"simulated",2,TRUE,"sim_3623"
3,40,3,"simulated",3,TRUE,"sim_3625"
4,38,5,"simulated",5,TRUE,"sim_3626"
4,39,5,"simulated",5,FALSE,"sim_3629"
8,79,17,"simulated",17,FALSE,"sim_3630"
3,28,1,"simulated",1,TRUE,"sim_3632"
3,31,1,"simulated",1,TRUE,"sim_3634"
6,60,18,"simulated",18,FALSE,"sim_3635"
5,60,8,"simulated",8,TRUE,"sim_3637"
3,27,1,"simulated",1,TRUE,"sim_3639"
6,66,14,"simulated",14,FALSE,"sim_3640"
3,17,1,"simulated",1,TRUE,"sim_3641"
3,43,2,"simulated",2,TRUE,"sim_3642"
3,40,3,"simulated",2,TRUE,"sim_3645"
6,60,13,"simulated",13,FALSE,"sim_3646"
3,13,1,"simulated",1,TRUE,"sim_3648"
7,78,17,"simulated",17,FALSE,"sim_3649"
9,78,25,"simulated",25,FALSE,"sim_3650"
3,17,3,"simulated",2,FALSE,"sim_3651"
6,37,9,"simulated",9,FALSE,"sim_3652"
4,31,3,"simulated",3,TRUE,"sim_3653"
6,76,14,"simulated",14,FALSE,"sim_3655"
3,10,1,"simulated",1,TRUE,"sim_3657"
3,18,1,"simulated",1,TRUE,"sim_3659"
3,18,1,"simulated",1,TRUE,"sim_3660"
3,23,2,"simulated",2,TRUE,"sim_3662"
8,75,15,"simulated",15,FALSE,"sim_3663"
3,9,1,"simulated",1,TRUE,"sim_3664"
6,67,15,"simulated",14,TRUE,"sim_3665"
23,179,73,"simulated",73,FALSE,"sim_3666"
3,23,1,"simulated",1,TRUE,"sim_3668"
3,16,3,"simulated",3,FALSE,"sim_3669"
6,61,13,"simulated",13,FALSE,"sim_3670"
4,42,5,"simulated",5,FALSE,"sim_3671"
4,28,3,"simulated",2,FALSE,"sim_3672"
4,34,2,"simulated",2,TRUE,"sim_3673"
159,494,418,"simulated",418,FALSE,"sim_3674"
3,37,2,"simulated",2,TRUE,"sim_3676"
4,33,4,"simulated",4,TRUE,"sim_3677"
17,122,47,"simulated",47,FALSE,"sim_3678"
3,11,1,"simulated",1,TRUE,"sim_3679"
22,160,63,"simulated",63,FALSE,"sim_3680"
3,30,1,"simulated",1,TRUE,"sim_3683"
60,273,160,"simulated",160,FALSE,"sim_3684"
3,23,3,"simulated",2,TRUE,"sim_3685"
4,44,4,"simulated",4,TRUE,"sim_3686"
10,100,30,"simulated",30,FALSE,"sim_3687"
11,91,26,"simulated",26,FALSE,"sim_3688"
4,44,5,"simulated",4,TRUE,"sim_3690"
4,43,4,"simulated",3,TRUE,"sim_3691"
3,47,3,"simulated",1,TRUE,"sim_3692"
6,59,14,"simulated",14,TRUE,"sim_3693"
3,21,1,"simulated",1,TRUE,"sim_3694"
3,29,2,"simulated",1,TRUE,"sim_3695"
3,10,1,"simulated",1,TRUE,"sim_3696"
4,48,5,"simulated",4,TRUE,"sim_3697"
7,69,18,"simulated",17,FALSE,"sim_3698"
6,48,11,"simulated",11,TRUE,"sim_3699"
3,34,1,"simulated",1,TRUE,"sim_3700"
3,24,2,"simulated",1,TRUE,"sim_3701"
5,55,11,"simulated",11,FALSE,"sim_3702"
4,26,2,"simulated",2,TRUE,"sim_3703"
3,16,2,"simulated",1,TRUE,"sim_3704"
4,33,4,"simulated",4,TRUE,"sim_3707"
5,45,7,"simulated",7,TRUE,"sim_3709"
3,8,1,"simulated",1,TRUE,"sim_3711"
3,52,4,"simulated",2,TRUE,"sim_3713"
6,54,11,"simulated",10,FALSE,"sim_3714"
4,44,9,"simulated",9,FALSE,"sim_3716"
4,28,4,"simulated",4,TRUE,"sim_3717"
10,75,29,"simulated",29,FALSE,"sim_3718"
3,11,2,"simulated",2,TRUE,"sim_3721"
4,36,4,"simulated",4,TRUE,"sim_3722"
3,31,2,"simulated",1,TRUE,"sim_3723"
7,56,15,"simulated",15,FALSE,"sim_3724"
12,80,28,"simulated",28,FALSE,"sim_3725"
4,42,3,"simulated",3,TRUE,"sim_3727"
3,40,2,"simulated",1,TRUE,"sim_3729"
8,80,21,"simulated",21,FALSE,"sim_3730"
4,26,4,"simulated",4,TRUE,"sim_3731"
3,43,2,"simulated",1,TRUE,"sim_3733"
10,99,25,"simulated",25,TRUE,"sim_3735"
79,377,199,"simulated",199,TRUE,"sim_3737"
3,32,2,"simulated",2,TRUE,"sim_3738"
3,13,1,"simulated",1,TRUE,"sim_3741"
3,24,1,"simulated",1,TRUE,"sim_3742"
3,39,2,"simulated",2,FALSE,"sim_3743"
9,62,18,"simulated",18,FALSE,"sim_3744"
3,4,1,"simulated",1,TRUE,"sim_3746"
5,52,10,"simulated",10,FALSE,"sim_3750"
3,28,1,"simulated",1,TRUE,"sim_3754"
4,31,4,"simulated",4,TRUE,"sim_3755"
4,48,7,"simulated",7,FALSE,"sim_3756"
3,17,2,"simulated",1,TRUE,"sim_3758"
8,68,18,"simulated",18,FALSE,"sim_3759"
8,64,16,"simulated",16,FALSE,"sim_3760"
3,19,1,"simulated",1,TRUE,"sim_3761"
4,37,5,"simulated",5,FALSE,"sim_3763"
3,45,5,"simulated",4,FALSE,"sim_3764"
3,12,1,"simulated",1,TRUE,"sim_3765"
3,38,1,"simulated",1,TRUE,"sim_3767"
12,66,29,"simulated",29,FALSE,"sim_3768"
3,11,1,"simulated",1,TRUE,"sim_3770"
